,Player,Season,Age,TM,WS,G,GS,MP,FG,FGA,2P,2PA,3P,3PA,FT,FTA,ORB,DRB,TRB,AST,STL,DLK,TOB,PF,PTS,FG%,2P%,3P%,eFG%,FT%,TS%
0,Kevin Durant,2018-19,30,GSW,3.2,21,21,738,209,410,182,324,27,86,148,160,9,155,164,126,19,23,70,40,593,0.51,0.562,0.314,0.543,0.925,0.617
1,Joel Embiid,2018-19,24,PHI,3.1,22,22,765,199,420,169,325,30,95,190,235,49,243,292,78,10,44,72,80,618,0.474,0.52,0.316,0.51,0.809,0.59
2,Rudy Gobert,2018-19,26,UTA,3.1,20,20,646,114,165,114,165,0,0,74,123,73,181,254,30,21,37,32,58,302,0.691,0.691,,0.691,0.602,0.689
3,LeBron James,2018-19,34,LAL,3.1,19,19,666,193,370,149,256,44,114,108,149,19,132,151,132,25,17,66,36,538,0.522,0.582,0.386,0.581,0.725,0.618
4,Giannis Antetokounmpo,2018-19,24,MIL,3.0,18,18,602,188,326,183,281,5,45,109,160,47,187,234,103,26,22,80,56,490,0.577,0.651,0.111,0.584,0.681,0.618
5,Kyle Lowry,2018-19,32,TOR,3.0,21,21,707,110,241,64,108,46,133,54,65,13,80,93,219,28,6,57,48,320,0.456,0.593,0.346,0.552,0.831,0.593
6,Anthony Davis,2018-19,25,NOP,2.9,16,16,599,151,308,139,274,12,34,118,150,59,143,202,78,24,43,36,44,432,0.49,0.507,0.353,0.51,0.787,0.578
7,Damian Lillard,2018-19,28,POR,2.9,20,20,696,172,396,120,241,52,155,133,148,17,86,103,122,15,8,49,32,529,0.434,0.498,0.335,0.5,0.899,0.574
8,Nikola Jokic,2018-19,23,DEN,2.8,20,20,593,119,251,96,178,23,73,70,85,49,149,198,143,27,15,59,64,331,0.474,0.539,0.315,0.52,0.824,0.574
9,Pascal Siakam,2018-19,24,TOR,2.8,21,20,611,123,195,111,159,12,36,47,60,29,112,141,48,25,14,30,64,305,0.631,0.698,0.333,0.662,0.783,0.689
10,Clint Capela,2018-19,24,HOU,2.7,18,18,620,136,208,136,208,0,0,40,67,85,129,214,30,9,36,32,47,312,0.654,0.654,,0.654,0.597,0.657
11,Kemba Walker,2018-19,28,CHO,2.7,19,19,663,183,402,110,213,73,189,97,112,8,72,80,125,22,7,49,30,536,0.455,0.516,0.386,0.546,0.866,0.594
12,Steven Adams,2018-19,25,OKC,2.6,18,18,616,118,199,118,199,0,0,43,82,92,97,189,31,27,16,26,44,279,0.593,0.593,,0.593,0.524,0.593
13,Montrezl Harrell,2018-19,25,LAC,2.6,19,0,487,109,170,109,170,0,0,82,121,43,97,140,28,21,34,29,53,300,0.641,0.641,,0.641,0.678,0.672
14,Nikola Vucevic,2018-19,28,ORL,2.6,20,20,615,167,305,145,250,22,55,51,60,54,171,225,72,22,22,45,37,407,0.548,0.58,0.4,0.584,0.85,0.614
15,Marc Gasol,2018-19,34,MEM,2.5,19,19,662,119,258,85,172,34,86,71,97,26,158,184,75,31,24,32,54,343,0.461,0.494,0.395,0.527,0.732,0.57
16,Eric Bledsoe,2018-19,29,MIL,2.4,19,19,554,110,217,79,127,31,90,40,58,21,66,87,117,24,12,40,45,291,0.507,0.622,0.344,0.578,0.69,0.6
17,Kyrie Irving,2018-19,26,BOS,2.4,19,19,613,161,339,116,217,45,122,46,56,22,71,93,117,33,11,46,47,413,0.475,0.535,0.369,0.541,0.821,0.568
18,Domantas Sabonis,2018-19,22,IND,2.4,18,1,445,104,150,100,145,4,5,48,67,39,135,174,56,9,10,40,57,260,0.693,0.69,0.8,0.707,0.716,0.724
19,Jimmy Butler,2018-19,29,TOT,2.3,17,17,606,124,254,96,189,28,65,79,97,29,56,85,64,39,14,27,33,355,0.488,0.508,0.431,0.543,0.814,0.598
20,Paul George,2018-19,28,OKC,2.3,19,19,680,157,382,95,206,62,176,80,98,27,126,153,83,44,16,55,57,456,0.411,0.461,0.352,0.492,0.816,0.536
21,Khris Middleton,2018-19,27,MIL,2.3,19,19,589,122,262,64,126,58,136,63,69,9,94,103,80,25,3,44,52,365,0.466,0.508,0.426,0.576,0.913,0.624
22,Tobias Harris,2018-19,26,LAC,2.2,19,19,667,159,303,121,214,38,89,53,64,16,150,166,42,9,11,34,39,409,0.525,0.565,0.427,0.587,0.828,0.618
23,DeMar DeRozan,2018-19,29,SAS,2.1,19,19,698,181,372,175,342,6,30,105,123,15,97,112,120,19,5,47,46,473,0.487,0.512,0.2,0.495,0.854,0.555
24,Andre Drummond,2018-19,25,DET,2.1,17,17,573,140,264,137,249,3,15,48,94,107,167,274,26,22,29,41,63,331,0.53,0.55,0.2,0.536,0.511,0.542
25,Danilo Gallinari,2018-19,30,LAC,2.1,18,18,561,99,233,55,137,44,96,92,97,17,91,108,36,8,5,19,40,334,0.425,0.401,0.458,0.519,0.948,0.606
26,Serge Ibaka,2018-19,29,TOR,2.1,20,12,531,139,249,124,200,15,49,40,52,49,110,159,24,13,28,36,64,333,0.558,0.62,0.306,0.588,0.769,0.612
27,Kawhi Leonard,2018-19,27,TOR,2.1,15,15,500,132,278,111,216,21,62,86,102,19,108,127,45,26,7,32,21,371,0.475,0.514,0.339,0.513,0.843,0.575
28,Jusuf Nurkic,2018-19,24,POR,2.1,20,20,509,114,217,112,198,2,19,71,94,78,130,208,42,15,23,43,58,301,0.525,0.566,0.105,0.53,0.755,0.583
29,Jarrett Allen,2018-19,20,BRK,2.0,19,19,521,92,157,90,142,2,15,50,74,56,103,159,29,11,31,21,50,236,0.586,0.634,0.133,0.592,0.676,0.622
30,Stephen Curry,2018-19,30,GSW,2.0,12,12,399,122,237,60,111,62,126,48,52,6,54,60,73,12,4,36,28,354,0.515,0.541,0.492,0.646,0.923,0.681
31,DeAndre Jordan,2018-19,30,DAL,2.0,18,18,581,74,118,74,118,0,0,57,73,45,200,245,43,12,18,44,50,205,0.627,0.627,,0.627,0.781,0.683
32,Julius Randle,2018-19,24,NOP,2.0,20,4,531,132,238,121,202,11,36,86,121,51,129,180,59,14,11,46,64,361,0.555,0.599,0.306,0.578,0.711,0.62
33,Ben Simmons,2018-19,22,PHI,2.0,21,21,705,130,239,130,239,0,0,66,109,40,143,183,166,29,18,71,56,326,0.544,0.544,,0.544,0.606,0.568
34,Jonas Valanciunas,2018-19,26,TOR,2.0,21,9,414,106,188,99,165,7,23,53,65,42,120,162,25,11,18,30,59,272,0.564,0.6,0.304,0.582,0.815,0.628
35,Malcolm Brogdon,2018-19,26,MIL,1.9,19,19,569,110,211,80,145,30,66,32,33,19,58,77,60,9,4,29,29,282,0.521,0.552,0.455,0.592,0.97,0.625
36,Mike Conley,2018-19,31,MEM,1.9,19,19,637,128,307,85,183,43,124,87,106,9,53,62,125,20,4,37,42,386,0.417,0.464,0.347,0.487,0.821,0.546
37,James Harden,2018-19,29,HOU,1.9,15,15,550,132,310,72,143,60,167,126,153,9,67,76,118,33,9,82,49,450,0.426,0.503,0.359,0.523,0.824,0.596
38,Enes Kanter,2018-19,26,NYK,1.9,21,9,572,129,242,126,232,3,10,58,70,94,158,252,46,9,11,47,58,319,0.533,0.543,0.3,0.539,0.829,0.585
39,JaVale McGee,2018-19,31,LAL,1.9,19,19,476,111,175,110,171,1,4,28,41,47,76,123,18,18,53,28,50,251,0.634,0.643,0.25,0.637,0.683,0.65
40,Paul Millsap,2018-19,33,DEN,1.9,20,20,529,93,191,75,145,18,46,54,77,39,95,134,37,26,24,31,52,258,0.487,0.517,0.391,0.534,0.701,0.574
41,Nikola Mirotic,2018-19,27,NOP,1.9,18,18,567,122,257,77,130,45,127,55,68,39,156,195,21,14,13,22,41,344,0.475,0.592,0.354,0.562,0.809,0.599
42,Deandre Ayton,2018-19,20,PHO,1.8,19,19,613,143,229,143,227,0,2,36,48,47,151,198,53,11,14,40,54,322,0.624,0.63,0.0,0.624,0.75,0.644
43,Blake Griffin,2018-19,29,DET,1.8,17,17,617,145,310,105,206,40,104,91,122,31,138,169,87,13,9,68,54,421,0.468,0.51,0.385,0.532,0.746,0.579
44,Karl-Anthony Towns,2018-19,23,MIN,1.8,20,20,670,148,302,112,213,36,89,84,94,65,180,245,45,16,34,72,76,416,0.49,0.526,0.404,0.55,0.894,0.606
45,Bojan Bogdanovic,2018-19,29,IND,1.7,19,19,585,106,193,64,113,42,80,43,54,6,62,68,25,17,0,33,32,297,0.549,0.566,0.525,0.658,0.796,0.685
46,Spencer Dinwiddie,2018-19,25,BRK,1.7,21,0,585,114,241,72,131,42,110,63,79,13,42,55,105,13,6,44,65,333,0.473,0.55,0.382,0.56,0.797,0.604
47,Jerami Grant,2018-19,24,OKC,1.7,19,16,577,79,161,58,104,21,57,41,62,18,81,99,25,16,19,18,47,220,0.491,0.558,0.368,0.556,0.661,0.584
48,Jayson Tatum,2018-19,20,BOS,1.7,20,20,635,116,262,81,175,35,87,57,69,27,104,131,41,19,11,32,47,324,0.443,0.463,0.402,0.51,0.826,0.554
49,D.J. Augustin,2018-19,31,ORL,1.6,20,20,545,67,148,34,73,33,75,41,48,12,33,45,105,9,0,21,25,208,0.453,0.466,0.44,0.564,0.854,0.615
50,Derrick Favors,2018-19,27,UTA,1.6,19,18,439,81,140,75,119,6,21,34,57,60,72,132,18,17,27,23,48,202,0.579,0.63,0.286,0.6,0.596,0.612
51,Taj Gibson,2018-19,33,MIN,1.6,20,20,527,87,160,79,142,8,18,34,46,55,77,132,30,22,14,19,57,216,0.544,0.556,0.444,0.569,0.739,0.599
52,Gary Harris,2018-19,24,DEN,1.6,19,19,633,120,272,88,173,32,99,47,59,15,49,64,57,25,9,25,42,319,0.441,0.509,0.323,0.5,0.797,0.535
53,Al Horford,2018-19,32,BOS,1.6,19,19,568,89,190,65,116,24,74,17,26,31,90,121,66,14,32,28,32,219,0.468,0.56,0.324,0.532,0.654,0.544
54,CJ McCollum,2018-19,27,POR,1.6,20,20,673,163,354,116,232,47,122,49,59,23,54,77,47,15,5,32,49,422,0.46,0.5,0.385,0.527,0.831,0.555
55,Josh Richardson,2018-19,25,MIA,1.6,19,19,663,136,311,81,184,55,127,61,73,16,59,75,61,21,13,39,64,388,0.437,0.44,0.433,0.526,0.836,0.565
56,Cody Zeller,2018-19,26,CHO,1.6,19,19,468,71,125,69,118,2,7,34,38,36,69,105,41,14,13,20,62,178,0.568,0.585,0.286,0.576,0.895,0.628
57,Nemanja Bjelica,2018-19,30,SAC,1.5,20,20,491,85,159,51,92,34,67,20,27,22,89,111,42,23,13,29,56,224,0.535,0.554,0.507,0.642,0.741,0.655
58,Ed Davis,2018-19,29,BRK,1.5,21,1,357,54,85,54,85,0,0,20,34,68,99,167,17,9,7,15,69,128,0.635,0.635,,0.635,0.588,0.64
59,Jaren Jackson,2018-19,19,MEM,1.5,19,17,481,96,185,81,142,15,43,42,58,25,62,87,28,20,41,30,74,249,0.519,0.57,0.349,0.559,0.724,0.591
60,Monte Morris,2018-19,23,DEN,1.5,20,1,475,71,154,54,114,17,40,16,19,6,45,51,81,17,1,11,26,175,0.461,0.474,0.425,0.516,0.842,0.539
61,Chris Paul,2018-19,33,HOU,1.5,15,15,520,93,211,59,121,34,90,48,61,9,63,72,115,33,5,48,42,268,0.441,0.488,0.378,0.521,0.787,0.563
62,Derrick Rose,2018-19,30,MIN,1.5,18,5,543,130,264,98,197,32,67,59,69,15,49,64,82,10,4,35,23,351,0.492,0.497,0.478,0.553,0.855,0.596
63,Noah Vonleh,2018-19,23,NYK,1.5,21,14,529,59,122,44,86,15,36,42,56,42,134,176,37,14,21,25,54,175,0.484,0.512,0.417,0.545,0.75,0.597
64,Aaron Gordon,2018-19,23,ORL,1.4,19,19,620,125,256,94,172,31,84,40,58,37,105,142,50,19,17,35,52,321,0.488,0.547,0.369,0.549,0.69,0.57
65,Tim Hardaway,2018-19,26,NYK,1.4,20,20,667,149,364,87,197,62,167,105,124,9,60,69,58,19,2,42,53,465,0.409,0.442,0.371,0.495,0.847,0.555
66,Juan Hernangomez,2018-19,23,DEN,1.4,19,8,476,58,123,27,52,31,71,21,25,32,67,99,14,10,8,15,33,168,0.472,0.519,0.437,0.598,0.84,0.627
67,Jeremy Lamb,2018-19,26,CHO,1.4,19,19,510,97,220,69,142,28,78,49,54,16,84,100,35,24,7,18,39,271,0.441,0.486,0.359,0.505,0.907,0.556
68,Kevon Looney,2018-19,22,GSW,1.4,21,2,387,49,80,49,78,0,2,25,37,48,58,106,36,6,18,17,57,123,0.613,0.628,0.0,0.613,0.676,0.639
69,Nerlens Noel,2018-19,24,OKC,1.4,18,1,243,37,60,37,60,0,0,16,22,39,52,91,9,16,23,8,46,90,0.617,0.617,,0.617,0.727,0.646
70,J.J. Redick,2018-19,34,PHI,1.4,22,9,687,133,308,72,135,61,173,71,77,6,47,53,71,5,3,35,43,398,0.432,0.533,0.353,0.531,0.922,0.582
71,Hassan Whiteside,2018-19,29,MIA,1.4,18,18,487,95,195,93,183,2,12,48,89,75,179,254,12,9,54,33,59,240,0.487,0.508,0.167,0.492,0.539,0.512
72,Jrue Holiday,2018-19,28,NOP,1.3,20,20,724,155,336,130,241,25,95,65,87,22,66,88,184,33,15,76,51,400,0.461,0.539,0.263,0.499,0.747,0.534
73,Damian Jones,2018-19,23,GSW,1.3,21,19,363,47,64,47,64,0,0,21,33,27,39,66,26,12,24,14,57,115,0.734,0.734,,0.734,0.636,0.732
74,Brook Lopez,2018-19,30,MIL,1.3,19,19,516,75,174,26,44,49,130,17,19,7,60,67,21,7,33,18,44,216,0.431,0.591,0.377,0.572,0.895,0.592
75,E'Twaun Moore,2018-19,29,NOP,1.3,20,20,638,135,245,101,172,34,73,22,33,18,33,51,45,16,6,28,57,326,0.551,0.587,0.466,0.62,0.667,0.628
76,Jamal Murray,2018-19,21,DEN,1.3,20,19,675,133,310,102,210,31,100,50,57,17,70,87,91,18,10,46,44,347,0.429,0.486,0.31,0.479,0.877,0.518
77,Victor Oladipo,2018-19,26,IND,1.3,16,16,518,129,293,91,183,38,110,47,66,8,98,106,75,25,8,36,32,343,0.44,0.497,0.345,0.505,0.712,0.533
78,Mason Plumlee,2018-19,28,DEN,1.3,20,0,340,57,94,56,91,1,3,22,48,38,61,99,39,23,17,27,61,137,0.606,0.615,0.333,0.612,0.458,0.595
79,Dwight Powell,2018-19,27,DAL,1.3,15,0,239,46,73,41,52,5,21,37,48,16,40,56,15,12,9,12,37,134,0.63,0.788,0.238,0.664,0.771,0.712
80,Tristan Thompson,2018-19,27,CLE,1.3,18,18,523,89,169,89,169,0,0,22,39,94,112,206,33,18,5,27,37,200,0.527,0.527,,0.527,0.564,0.537
81,Bam Adebayo,2018-19,21,MIA,1.2,19,1,361,50,97,50,94,0,3,45,64,38,96,134,23,11,15,22,47,145,0.515,0.532,0.0,0.515,0.703,0.579
82,Willie Cauley-Stein,2018-19,25,SAC,1.2,20,20,567,127,240,126,239,1,1,34,68,44,118,162,44,21,10,25,65,289,0.529,0.527,1.0,0.531,0.5,0.535
83,De'Aaron Fox,2018-19,21,SAC,1.2,20,20,651,123,261,99,198,24,63,79,116,11,70,81,150,24,10,66,48,349,0.471,0.5,0.381,0.517,0.681,0.559
84,Danny Green,2018-19,31,TOR,1.2,21,21,593,71,164,20,44,51,120,5,5,17,60,77,26,23,14,25,52,198,0.433,0.455,0.425,0.588,1.0,0.596
85,Joe Harris,2018-19,27,BRK,1.2,21,21,614,101,206,52,94,49,112,24,30,16,56,72,46,11,3,31,67,275,0.49,0.553,0.438,0.609,0.8,0.627
86,Justin Holiday,2018-19,29,CHI,1.2,20,20,707,89,213,27,59,62,154,15,16,8,82,90,47,32,9,20,47,255,0.418,0.458,0.403,0.563,0.938,0.579
87,Marcus Morris,2018-19,29,BOS,1.2,19,2,497,93,193,55,105,38,88,34,40,13,109,122,25,11,3,34,51,258,0.482,0.524,0.432,0.58,0.85,0.613
88,Mitchell Robinson,2018-19,20,NYK,1.2,19,12,330,40,62,40,62,0,0,13,23,39,35,74,8,15,36,7,57,93,0.645,0.645,,0.645,0.565,0.645
89,T.J. Warren,2018-19,25,PHO,1.2,18,11,526,120,234,89,166,31,68,43,49,13,61,74,24,16,14,20,48,314,0.513,0.536,0.456,0.579,0.878,0.614
90,Al-Farouq Aminu,2018-19,28,POR,1.1,20,20,589,54,143,27,60,27,83,29,34,26,139,165,8,20,9,15,49,164,0.378,0.45,0.325,0.472,0.853,0.519
91,Bradley Beal,2018-19,25,WAS,1.1,19,19,659,147,323,103,189,44,134,71,94,11,76,87,77,20,22,42,63,409,0.455,0.545,0.328,0.523,0.755,0.561
92,Dorian Finney-Smith,2018-19,25,DAL,1.1,18,9,492,59,125,32,56,27,69,17,28,35,41,76,15,18,11,20,57,162,0.472,0.571,0.391,0.58,0.607,0.59
93,Gordon Hayward,2018-19,28,BOS,1.1,18,15,485,66,165,46,95,20,70,34,40,17,82,99,57,23,5,24,28,186,0.4,0.484,0.286,0.461,0.85,0.509
94,Ersan Ilyasova,2018-19,31,MIL,1.1,18,1,378,50,107,33,60,17,47,17,21,29,74,103,23,9,4,15,56,134,0.467,0.55,0.362,0.547,0.81,0.576
95,Jonas Jerebko,2018-19,31,GSW,1.1,21,4,396,47,107,27,50,20,57,22,26,31,85,116,34,9,3,15,53,136,0.439,0.54,0.351,0.533,0.846,0.574
96,Shelvin Mack,2018-19,28,MEM,1.1,19,0,479,69,146,46,93,23,53,26,38,6,38,44,67,20,2,24,31,187,0.473,0.495,0.434,0.551,0.684,0.575
97,Rodney McGruder,2018-19,27,MIA,1.1,19,19,637,90,202,57,116,33,86,23,32,20,74,94,62,16,4,30,53,236,0.446,0.491,0.384,0.527,0.719,0.546
98,Otto Porter,2018-19,25,WAS,1.1,18,18,526,85,172,60,103,25,69,21,26,14,80,94,37,25,11,15,26,216,0.494,0.583,0.362,0.567,0.808,0.589
99,Dennis Schroder,2018-19,25,OKC,1.1,19,9,572,121,290,92,210,29,80,58,68,13,71,84,98,25,3,55,48,329,0.417,0.438,0.363,0.467,0.853,0.514
100,Garrett Temple,2018-19,32,MEM,1.1,19,19,618,70,157,39,79,31,78,36,43,7,58,65,23,21,5,22,58,207,0.446,0.494,0.397,0.545,0.837,0.588
101,Russell Westbrook,2018-19,30,OKC,1.1,11,11,364,100,218,91,167,9,51,46,74,12,92,104,102,23,2,45,38,255,0.459,0.545,0.176,0.479,0.622,0.509
102,Ryan Arcidiacono,2018-19,24,CHI,1.0,19,8,529,45,101,14,28,31,73,8,12,3,45,48,82,15,1,16,49,129,0.446,0.5,0.425,0.599,0.667,0.607
103,Wendell Carter,2018-19,19,CHI,1.0,20,20,507,84,178,79,156,5,22,51,62,42,101,143,44,13,34,35,65,224,0.472,0.506,0.227,0.486,0.823,0.546
104,Zach Collins,2018-19,21,POR,1.0,20,0,399,61,117,47,79,14,38,33,38,25,62,87,21,7,22,31,63,169,0.521,0.595,0.368,0.581,0.868,0.632
105,Pat Connaughton,2018-19,26,MIL,1.0,16,0,279,42,90,25,38,17,52,8,13,17,53,70,26,7,11,7,19,109,0.467,0.658,0.327,0.561,0.615,0.569
106,Robert Covington,2018-19,28,TOT,1.0,19,19,652,74,184,28,63,46,121,22,30,10,87,97,21,43,28,26,65,216,0.402,0.444,0.38,0.527,0.733,0.548
107,Jae Crowder,2018-19,28,UTA,1.0,20,2,584,84,212,47,82,37,130,45,63,13,88,101,31,15,10,13,48,250,0.396,0.573,0.285,0.483,0.714,0.521
108,Dante Cunningham,2018-19,31,SAS,1.0,19,16,432,35,73,19,40,16,33,9,10,26,60,86,24,13,8,10,43,95,0.479,0.475,0.485,0.589,0.9,0.614
109,Luka Doncic,2018-19,19,DAL,1.0,18,18,607,121,267,77,156,44,111,57,73,19,99,118,78,18,6,68,38,343,0.453,0.494,0.396,0.536,0.781,0.573
110,Langston Galloway,2018-19,27,DET,1.0,16,0,397,51,118,20,31,31,87,18,21,8,35,43,23,4,2,8,32,151,0.432,0.645,0.356,0.564,0.857,0.593
111,Rudy Gay,2018-19,32,SAS,1.0,15,12,418,86,171,68,133,18,38,27,34,22,91,113,32,12,10,27,39,217,0.503,0.511,0.474,0.556,0.794,0.583
112,Josh Hart,2018-19,23,LAL,1.0,19,3,473,62,139,26,51,36,88,21,30,8,63,71,22,22,12,19,41,181,0.446,0.51,0.409,0.576,0.7,0.595
113,Willy Hernangomez,2018-19,24,CHO,1.0,15,0,213,37,72,27,55,10,17,28,37,30,44,74,15,8,9,14,33,112,0.514,0.491,0.588,0.583,0.757,0.634
114,Buddy Hield,2018-19,25,SAC,1.0,20,20,621,146,301,95,188,51,113,33,40,22,89,111,53,11,9,48,51,376,0.485,0.505,0.451,0.57,0.825,0.59
115,Rodney Hood,2018-19,26,CLE,1.0,18,18,501,87,196,64,144,23,52,39,42,7,39,46,37,13,2,13,48,236,0.444,0.444,0.442,0.503,0.929,0.55
116,Joe Ingles,2018-19,31,UTA,1.0,20,20,661,96,209,49,87,47,122,26,39,7,72,79,91,28,5,51,49,265,0.459,0.563,0.385,0.572,0.667,0.586
117,Cory Joseph,2018-19,27,IND,1.0,19,0,497,58,124,41,85,17,39,3,7,5,55,60,72,29,3,23,33,136,0.468,0.482,0.436,0.536,0.429,0.535
118,Meyers Leonard,2018-19,26,POR,1.0,17,0,209,37,69,19,35,18,34,16,18,24,57,81,15,5,1,13,20,108,0.536,0.543,0.529,0.667,0.889,0.702
119,Wesley Matthews,2018-19,32,DAL,1.0,14,14,455,75,176,38,78,37,98,39,48,8,28,36,32,12,3,18,31,226,0.426,0.487,0.378,0.531,0.813,0.573
120,D'Angelo Russell,2018-19,22,BRK,1.0,21,21,588,142,336,92,199,50,137,39,51,10,74,84,116,24,7,49,35,373,0.423,0.462,0.365,0.497,0.765,0.52
121,Iman Shumpert,2018-19,28,SAC,1.0,17,15,434,59,135,24,48,35,87,16,18,5,51,56,29,21,5,10,46,169,0.437,0.5,0.402,0.567,0.889,0.591
122,Marcus Smart,2018-19,24,BOS,1.0,20,0,464,39,104,20,42,19,62,30,39,13,41,54,77,26,10,31,53,127,0.375,0.476,0.306,0.466,0.769,0.524
123,P.J. Tucker,2018-19,33,HOU,1.0,18,18,644,52,116,14,31,38,85,8,12,20,84,104,19,21,8,18,55,150,0.448,0.452,0.447,0.612,0.667,0.618
124,LaMarcus Aldridge,2018-19,33,SAS,0.9,19,19,670,133,315,133,306,0,9,75,93,73,137,210,48,7,22,38,38,341,0.422,0.435,0.0,0.422,0.806,0.479
125,Kyle Anderson,2018-19,25,MEM,0.9,19,16,574,49,109,46,98,3,11,12,24,21,102,123,56,24,14,25,44,113,0.45,0.469,0.273,0.463,0.5,0.473
126,Mohamed Bamba,2018-19,20,ORL,0.9,20,0,342,56,111,46,76,10,35,10,16,25,65,90,23,6,26,13,44,132,0.505,0.605,0.286,0.55,0.625,0.559
127,Nicolas Batum,2018-19,30,CHO,0.9,19,19,582,69,151,42,79,27,72,14,17,24,85,109,70,18,9,40,28,179,0.457,0.532,0.375,0.546,0.824,0.565
128,Aron Baynes,2018-19,32,BOS,0.9,17,4,244,32,79,21,46,11,33,23,26,29,46,75,22,3,10,11,37,98,0.405,0.457,0.333,0.475,0.885,0.542
129,Davis Bertans,2018-19,26,SAS,0.9,17,2,272,38,79,11,20,27,59,13,14,7,35,42,17,6,6,8,22,116,0.481,0.55,0.458,0.652,0.929,0.681
130,Miles Bridges,2018-19,20,CHO,0.9,18,0,375,52,100,37,60,15,40,12,16,11,64,75,17,11,12,11,29,131,0.52,0.617,0.375,0.595,0.75,0.612
131,Michael Kidd-Gilchrist,2018-19,25,CHO,0.9,13,0,265,43,89,41,81,2,8,24,33,29,48,77,18,3,17,8,38,112,0.483,0.506,0.25,0.494,0.727,0.541
132,Maxi Kleber,2018-19,27,DAL,0.9,18,0,335,41,91,24,38,17,53,15,19,20,47,67,11,8,26,11,24,114,0.451,0.632,0.321,0.544,0.789,0.574
133,Caris LeVert,2018-19,24,BRK,0.9,14,14,416,97,204,78,143,19,61,44,61,14,46,60,52,17,5,30,34,257,0.475,0.545,0.311,0.522,0.721,0.557
134,Jeremy Lin,2018-19,30,ATL,0.9,20,0,378,77,150,52,91,25,59,50,59,4,39,43,64,18,2,41,42,229,0.513,0.571,0.424,0.597,0.847,0.651
135,Boban Marjanovic,2018-19,30,LAC,0.9,15,3,161,41,65,41,64,0,1,29,41,20,46,66,8,4,14,13,27,111,0.631,0.641,0.0,0.631,0.707,0.668
136,Kelly Olynyk,2018-19,27,MIA,0.9,18,5,317,45,97,24,35,21,62,34,44,14,47,61,35,9,7,25,41,145,0.464,0.686,0.339,0.572,0.773,0.623
137,Landry Shamet,2018-19,21,PHI,0.9,22,2,466,60,139,19,34,41,105,19,22,4,23,27,23,11,3,9,41,180,0.432,0.559,0.39,0.579,0.864,0.605
138,Tony Snell,2018-19,27,MIL,0.9,19,0,308,41,87,19,33,22,54,10,12,5,27,32,16,7,4,6,21,114,0.471,0.576,0.407,0.598,0.833,0.618
139,Marvin Williams,2018-19,32,CHO,0.9,19,19,469,59,139,32,54,27,85,11,18,16,76,92,18,15,16,10,36,156,0.424,0.593,0.318,0.522,0.611,0.531
140,Thaddeus Young,2018-19,30,IND,0.9,19,19,535,86,173,83,152,3,21,13,28,36,65,101,26,25,7,22,41,188,0.497,0.546,0.143,0.506,0.464,0.507
141,Marvin Bagley,2018-19,19,SAC,0.8,20,0,479,96,189,89,167,7,22,55,86,52,81,133,17,9,25,39,39,254,0.508,0.533,0.318,0.526,0.64,0.56
142,J.J. Barea,2018-19,34,DAL,0.8,17,0,338,73,171,58,118,15,53,24,37,7,33,40,99,10,1,27,28,185,0.427,0.492,0.283,0.471,0.649,0.494
143,Kent Bazemore,2018-19,29,ATL,0.8,20,19,525,100,207,74,128,26,79,41,53,13,68,81,39,31,18,37,52,267,0.483,0.578,0.329,0.546,0.774,0.58
144,Jordan Bell,2018-19,24,GSW,0.8,20,1,235,19,33,19,32,0,1,12,17,11,39,50,24,12,18,7,30,50,0.576,0.594,0.0,0.576,0.706,0.618
145,Patrick Beverley,2018-19,30,LAC,0.8,19,16,488,45,127,22,56,23,71,19,23,16,62,78,80,13,5,21,71,132,0.354,0.393,0.324,0.445,0.826,0.481
146,Reggie Bullock,2018-19,27,DET,0.8,14,14,414,51,130,24,57,27,73,23,26,7,23,30,35,10,2,12,22,152,0.392,0.421,0.37,0.496,0.885,0.537
147,Darren Collison,2018-19,31,IND,0.8,19,19,513,67,154,54,114,13,40,22,32,8,32,40,79,26,3,26,33,169,0.435,0.474,0.325,0.477,0.688,0.503
148,Quinn Cook,2018-19,25,GSW,0.8,18,6,362,73,151,41,83,32,68,10,12,6,45,51,43,7,1,20,31,188,0.483,0.494,0.471,0.589,0.833,0.601
149,Bryn Forbes,2018-19,25,SAS,0.8,19,19,544,92,202,48,105,44,97,18,23,4,31,35,41,15,0,22,51,246,0.455,0.457,0.454,0.564,0.783,0.58
150,Marcin Gortat,2018-19,34,LAC,0.8,16,16,275,36,64,36,64,0,0,18,22,24,70,94,24,2,8,16,37,90,0.563,0.563,,0.563,0.818,0.611
151,Jeff Green,2018-19,32,WAS,0.8,19,1,462,73,150,57,95,16,55,36,37,30,71,101,25,13,11,26,36,198,0.487,0.6,0.291,0.54,0.973,0.595
152,Reggie Jackson,2018-19,28,DET,0.8,17,17,495,86,229,52,116,34,113,61,72,11,34,45,72,11,1,34,55,267,0.376,0.448,0.301,0.45,0.847,0.512
153,Kyle Kuzma,2018-19,23,LAL,0.8,19,17,578,125,267,96,172,29,95,33,45,12,79,91,27,12,11,26,43,312,0.468,0.558,0.305,0.522,0.733,0.544
154,Doug McDermott,2018-19,27,IND,0.8,19,0,318,37,78,17,25,20,53,14,17,3,15,18,14,8,2,6,27,108,0.474,0.68,0.377,0.603,0.824,0.632
155,Patty Mills,2018-19,30,SAS,0.8,19,0,496,66,152,34,71,32,81,22,29,6,51,57,46,14,5,20,30,186,0.434,0.479,0.395,0.539,0.759,0.564
156,Larry Nance,2018-19,26,CLE,0.8,16,4,342,45,95,42,85,3,10,20,31,29,75,104,41,22,10,19,44,113,0.474,0.494,0.3,0.489,0.645,0.52
157,Jeff Teague,2018-19,30,MIN,0.8,14,14,437,59,147,45,102,14,45,50,56,3,31,34,106,16,3,31,28,182,0.401,0.441,0.311,0.449,0.893,0.53
158,Myles Turner,2018-19,22,IND,0.8,18,18,482,79,171,73,142,6,29,33,44,23,74,97,26,7,47,30,49,197,0.462,0.514,0.207,0.48,0.75,0.517
159,Fred VanVleet,2018-19,24,TOR,0.8,17,2,415,60,148,38,80,22,68,17,24,8,32,40,77,12,3,23,28,159,0.405,0.475,0.324,0.48,0.708,0.501
160,John Wall,2018-19,28,WAS,0.8,19,19,664,145,326,114,230,31,96,77,115,11,56,67,153,36,22,67,44,398,0.445,0.496,0.323,0.492,0.67,0.528
161,Lonzo Ball,2018-19,21,LAL,0.7,19,17,514,61,151,34,75,27,76,8,14,17,89,106,88,20,4,35,41,157,0.404,0.453,0.355,0.493,0.571,0.499
162,Harrison Barnes,2018-19,26,DAL,0.7,14,14,442,80,193,50,116,30,77,49,62,8,57,65,18,12,3,21,32,239,0.415,0.431,0.39,0.492,0.79,0.542
163,Trey Burke,2018-19,26,NYK,0.7,18,5,402,93,210,72,153,21,57,33,43,13,29,42,63,12,2,24,21,240,0.443,0.471,0.368,0.493,0.767,0.524
164,Jordan Clarkson,2018-19,26,CLE,0.7,18,0,439,116,250,92,173,24,77,34,38,22,36,58,37,11,4,31,36,290,0.464,0.532,0.312,0.512,0.895,0.544
165,Hamidou Diallo,2018-19,20,OKC,0.7,16,2,233,39,83,35,68,4,15,18,25,19,25,44,8,14,4,7,30,100,0.47,0.515,0.267,0.494,0.72,0.532
166,James Ennis,2018-19,28,HOU,0.7,15,15,384,42,89,20,34,22,55,16,24,15,20,35,10,15,6,10,49,122,0.472,0.588,0.4,0.596,0.667,0.613
167,Pau Gasol,2018-19,38,SAS,0.7,9,0,157,22,43,18,36,4,7,13,18,11,44,55,30,1,9,7,16,61,0.512,0.5,0.571,0.558,0.722,0.599
168,George Hill,2018-19,32,CLE,0.7,10,10,265,50,90,38,65,12,25,14,16,8,11,19,30,10,1,16,27,126,0.556,0.585,0.48,0.622,0.875,0.649
169,Andre Iguodala,2018-19,35,GSW,0.7,19,6,428,32,72,22,42,10,30,14,22,13,45,58,58,13,11,19,23,88,0.444,0.524,0.333,0.514,0.636,0.539
170,Tomas Satoransky,2018-19,27,WAS,0.7,19,0,262,30,67,23,47,7,20,23,24,11,24,35,43,12,5,10,25,90,0.448,0.489,0.35,0.5,0.958,0.58
171,Mike Scott,2018-19,30,LAC,0.7,19,0,290,38,81,14,28,24,53,2,2,5,55,60,19,9,4,10,36,102,0.469,0.5,0.453,0.617,1.0,0.623
172,Allonzo Trier,2018-19,23,NYK,0.7,21,3,498,83,169,66,132,17,37,57,69,14,47,61,34,11,10,38,36,240,0.491,0.5,0.459,0.541,0.826,0.602
173,Lou Williams,2018-19,32,LAC,0.7,19,0,498,109,282,86,208,23,74,98,104,9,39,48,83,12,2,42,18,339,0.387,0.413,0.311,0.427,0.942,0.517
174,OG Anunoby,2018-19,21,TOR,0.6,15,3,332,57,120,38,60,19,60,4,12,10,27,37,9,11,5,9,39,137,0.475,0.633,0.317,0.554,0.333,0.547
175,Malik Beasley,2018-19,22,DEN,0.6,20,0,346,54,120,31,58,23,62,3,4,4,41,45,17,7,2,12,28,134,0.45,0.534,0.371,0.546,0.75,0.55
176,Omri Casspi,2018-19,30,MEM,0.6,13,0,146,26,45,21,33,5,12,13,24,4,28,32,11,6,2,4,11,70,0.578,0.636,0.417,0.633,0.542,0.63
177,Wayne Ellington,2018-19,31,MIA,0.6,12,6,300,39,100,6,14,33,86,10,10,2,20,22,20,14,3,10,20,121,0.39,0.429,0.384,0.555,1.0,0.58
178,Shai Gilgeous-Alexander,2018-19,20,LAC,0.6,19,10,526,73,160,65,131,8,29,45,55,15,46,61,55,18,13,37,38,199,0.456,0.496,0.276,0.481,0.818,0.54
179,John Henson,2018-19,28,MIL,0.6,14,0,188,31,67,20,36,11,31,6,10,16,55,71,14,7,11,12,16,79,0.463,0.556,0.355,0.545,0.6,0.553
180,Dwight Howard,2018-19,33,WAS,0.6,9,9,230,43,69,43,69,0,0,29,48,24,59,83,4,7,4,16,34,115,0.623,0.623,,0.623,0.604,0.638
181,Justin Jackson,2018-19,23,SAC,0.6,19,2,397,45,106,30,53,15,53,16,20,8,46,54,29,10,3,5,20,121,0.425,0.566,0.283,0.495,0.8,0.527
182,Tyler Johnson,2018-19,26,MIA,0.6,16,0,435,67,154,45,86,22,68,27,38,10,42,52,38,16,10,25,33,183,0.435,0.523,0.324,0.506,0.711,0.536
183,Jake Layman,2018-19,24,POR,0.6,19,19,300,39,76,24,37,15,39,3,6,12,32,44,7,10,7,12,20,96,0.513,0.649,0.385,0.612,0.5,0.61
184,Trey Lyles,2018-19,23,DEN,0.6,20,0,408,84,179,68,117,16,62,35,51,14,76,90,31,10,6,33,35,219,0.469,0.581,0.258,0.514,0.686,0.544
185,Alfonzo McKinnie,2018-19,26,GSW,0.6,16,0,251,39,76,24,45,15,31,7,13,19,42,61,8,3,3,7,32,100,0.513,0.533,0.484,0.612,0.538,0.612
186,Emmanuel Mudiay,2018-19,22,NYK,0.6,14,7,300,59,120,47,84,12,36,25,35,10,32,42,33,15,8,22,24,155,0.492,0.56,0.333,0.542,0.714,0.572
187,Mike Muscala,2018-19,27,PHI,0.6,16,1,366,34,92,11,21,23,71,31,38,17,48,65,21,6,6,17,43,122,0.37,0.524,0.324,0.495,0.816,0.561
188,Jakob Poeltl,2018-19,23,SAS,0.6,15,3,170,20,38,20,38,0,0,17,27,35,25,60,11,4,7,10,18,57,0.526,0.526,,0.526,0.63,0.571
189,Terry Rozier,2018-19,24,BOS,0.6,20,1,451,58,161,33,90,25,71,17,24,7,72,79,42,14,5,13,32,158,0.36,0.367,0.352,0.438,0.708,0.46
190,Ricky Rubio,2018-19,28,UTA,0.6,20,20,590,86,221,57,135,29,86,56,69,6,62,68,129,32,5,61,66,257,0.389,0.422,0.337,0.455,0.812,0.511
191,Nik Stauskas,2018-19,25,POR,0.6,20,0,341,49,116,25,53,24,63,16,17,6,32,38,35,7,3,19,17,138,0.422,0.472,0.381,0.526,0.941,0.559
192,Klay Thompson,2018-19,28,GSW,0.6,21,21,714,189,415,133,249,56,166,40,51,9,69,78,37,21,12,42,45,474,0.455,0.534,0.337,0.523,0.784,0.542
193,Evan Turner,2018-19,30,POR,0.6,20,0,522,74,161,70,135,4,26,21,30,9,90,99,83,16,6,38,47,173,0.46,0.519,0.154,0.472,0.7,0.497
194,Delon Wright,2018-19,26,TOR,0.6,16,0,264,38,84,26,54,12,30,13,13,12,24,36,23,9,6,14,16,101,0.452,0.481,0.4,0.524,1.0,0.563
195,Devin Booker,2018-19,22,PHO,0.5,16,16,582,142,317,101,190,41,127,73,85,8,51,59,114,18,1,69,58,398,0.448,0.532,0.323,0.513,0.859,0.562
196,Mikal Bridges,2018-19,22,PHO,0.5,19,5,406,49,109,28,51,21,58,20,23,7,32,39,19,25,6,16,44,139,0.45,0.549,0.362,0.546,0.87,0.583
197,Kentavious Caldwell-Pope,2018-19,25,LAL,0.5,19,3,394,46,123,25,58,21,65,35,37,9,35,44,11,17,4,13,26,148,0.374,0.431,0.323,0.459,0.946,0.531
198,Gary Clark,2018-19,24,HOU,0.5,17,0,296,21,63,4,5,17,58,6,6,11,40,51,8,6,16,1,22,65,0.333,0.8,0.293,0.468,1.0,0.495
199,Cheick Diallo,2018-19,22,NOP,0.5,14,0,144,24,45,24,45,0,0,14,18,16,40,56,6,4,11,6,17,62,0.533,0.533,,0.533,0.778,0.586
200,Draymond Green,2018-19,28,GSW,0.5,13,13,396,36,81,30,54,6,27,12,18,11,87,98,94,24,10,43,40,90,0.444,0.556,0.222,0.481,0.667,0.506
201,Richaun Holmes,2018-19,25,PHO,0.5,18,0,213,39,61,39,61,0,0,12,24,28,44,72,6,7,16,17,40,90,0.639,0.639,,0.639,0.5,0.629
202,Jonathan Isaac,2018-19,21,ORL,0.5,14,8,298,40,94,33,64,7,30,21,27,19,55,74,9,9,16,9,28,108,0.426,0.516,0.233,0.463,0.778,0.51
203,Amir Johnson,2018-19,31,PHI,0.5,21,0,215,34,61,29,51,5,10,18,23,18,47,65,29,3,7,25,43,91,0.557,0.569,0.5,0.598,0.783,0.64
204,Zach LaVine,2018-19,23,CHI,0.5,19,19,686,167,381,135,273,32,108,119,138,7,93,100,83,20,11,73,41,485,0.438,0.495,0.296,0.48,0.862,0.549
205,Markieff Morris,2018-19,29,WAS,0.5,18,15,458,66,156,42,85,24,71,32,37,18,66,84,34,11,13,22,55,188,0.423,0.494,0.338,0.5,0.865,0.546
206,Shabazz Napier,2018-19,27,BRK,0.5,17,0,255,41,101,23,59,18,42,28,36,6,19,25,26,10,4,14,20,128,0.406,0.39,0.429,0.495,0.778,0.548
207,Zaza Pachulia,2018-19,34,DET,0.5,17,0,205,17,52,17,52,0,0,32,39,29,39,68,19,11,3,13,38,66,0.327,0.327,,0.327,0.821,0.477
208,Tony Parker,2018-19,36,CHO,0.5,16,0,298,61,132,56,115,5,17,23,34,3,26,29,67,4,2,18,16,150,0.462,0.487,0.294,0.481,0.676,0.51
209,Miles Plumlee,2018-19,30,ATL,0.5,12,0,134,28,40,28,40,0,0,10,20,15,18,33,13,5,3,7,12,66,0.7,0.7,,0.7,0.5,0.676
210,Glenn Robinson,2018-19,25,DET,0.5,16,9,267,35,75,25,46,10,29,21,24,2,22,24,7,5,4,9,16,101,0.467,0.543,0.345,0.533,0.875,0.59
211,Rajon Rondo,2018-19,32,LAL,0.5,11,2,278,40,88,31,67,9,21,4,8,10,40,50,71,13,0,25,25,93,0.455,0.463,0.429,0.506,0.5,0.508
212,Terrence Ross,2018-19,27,ORL,0.5,20,0,495,102,226,55,112,47,114,18,21,4,55,59,34,17,10,31,46,269,0.451,0.491,0.412,0.555,0.857,0.572
213,Ish Smith,2018-19,30,DET,0.5,17,0,433,70,165,49,101,21,64,6,9,1,34,35,54,9,5,17,45,167,0.424,0.485,0.328,0.488,0.667,0.494
214,Lance Stephenson,2018-19,28,LAL,0.5,19,0,310,63,141,42,86,21,55,15,18,12,54,66,36,15,2,24,31,162,0.447,0.488,0.382,0.521,0.833,0.544
215,Alex Abrines,2018-19,25,OKC,0.4,16,0,318,31,90,9,21,22,69,8,9,2,21,23,12,11,4,8,31,92,0.344,0.429,0.319,0.467,0.889,0.49
216,Trevor Ariza,2018-19,33,PHO,0.4,17,17,591,54,145,20,50,34,95,28,33,7,87,94,59,18,7,26,33,170,0.372,0.4,0.358,0.49,0.848,0.533
217,Marco Belinelli,2018-19,32,SAS,0.4,19,0,423,63,172,35,87,28,85,32,38,4,30,34,36,12,3,13,29,186,0.366,0.402,0.329,0.448,0.842,0.493
218,Bogdan Bogdanovic,2018-19,26,SAC,0.4,9,1,224,46,106,27,55,19,51,14,15,3,22,25,25,5,0,10,18,125,0.434,0.491,0.373,0.524,0.933,0.555
219,Alec Burks,2018-19,27,UTA,0.4,16,0,253,45,107,30,68,15,39,33,38,2,23,25,19,6,4,14,21,138,0.421,0.441,0.385,0.491,0.868,0.558
220,Tyson Chandler,2018-19,36,TOT,0.4,16,0,272,18,32,18,32,0,0,15,26,30,67,97,10,6,5,19,44,51,0.563,0.563,,0.563,0.577,0.587
221,Wilson Chandler,2018-19,31,PHI,0.4,11,7,252,26,48,18,26,8,22,2,4,12,33,45,18,3,1,10,26,62,0.542,0.692,0.364,0.625,0.5,0.623
222,Dewayne Dedmon,2018-19,29,ATL,0.4,14,3,301,44,98,36,67,8,31,17,19,14,78,92,9,7,20,13,44,113,0.449,0.537,0.258,0.49,0.895,0.531
223,Gorgui Dieng,2018-19,29,MIN,0.4,20,0,276,40,95,36,78,4,17,24,29,19,68,87,18,11,12,17,36,108,0.421,0.462,0.235,0.442,0.828,0.501
224,Donte DiVincenzo,2018-19,22,MIL,0.4,14,0,254,34,80,21,29,13,51,9,11,7,36,43,21,4,2,11,21,90,0.425,0.724,0.255,0.506,0.818,0.53
225,Damyean Dotson,2018-19,24,NYK,0.4,15,9,403,62,144,42,82,20,62,7,11,12,56,68,16,13,2,11,27,151,0.431,0.512,0.323,0.5,0.636,0.507
226,Goran Dragic,2018-19,32,MIA,0.4,12,12,369,69,166,49,104,20,62,38,50,8,32,40,56,7,4,30,30,196,0.416,0.471,0.323,0.476,0.76,0.521
227,Evan Fournier,2018-19,26,ORL,0.4,20,20,595,121,289,84,161,37,128,32,43,6,50,56,83,24,4,36,54,311,0.419,0.522,0.289,0.483,0.744,0.505
228,Stanley Johnson,2018-19,22,DET,0.4,16,7,379,53,132,32,63,21,69,14,17,12,53,65,21,19,2,23,32,141,0.402,0.508,0.304,0.481,0.824,0.505
229,Wesley Johnson,2018-19,31,NOP,0.4,14,11,280,27,61,11,25,16,36,5,6,10,34,44,15,8,5,10,32,75,0.443,0.44,0.444,0.574,0.833,0.589
230,Alex Len,2018-19,25,ATL,0.4,19,17,406,76,150,64,113,12,37,33,53,36,70,106,20,7,19,34,55,197,0.507,0.566,0.324,0.547,0.623,0.568
231,Shaun Livingston,2018-19,33,GSW,0.4,12,0,194,27,57,27,57,0,0,11,13,12,14,26,22,7,6,7,16,65,0.474,0.474,,0.474,0.846,0.518
232,T.J. McConnell,2018-19,26,PHI,0.4,16,0,232,28,54,27,47,1,7,6,6,3,22,25,38,10,4,14,18,63,0.519,0.574,0.143,0.528,1.0,0.556
233,Donovan Mitchell,2018-19,22,UTA,0.4,17,17,552,130,311,97,198,33,113,57,71,6,38,44,63,28,7,42,41,350,0.418,0.49,0.292,0.471,0.803,0.511
234,David Nwaba,2018-19,26,CLE,0.4,14,3,243,28,66,23,44,5,22,25,37,7,31,38,9,10,6,5,22,86,0.424,0.523,0.227,0.462,0.676,0.523
235,Kelly Oubre,2018-19,23,WAS,0.4,19,4,471,79,191,55,104,24,87,48,58,12,71,83,16,17,13,21,44,230,0.414,0.529,0.276,0.476,0.828,0.531
236,Patrick Patterson,2018-19,29,OKC,0.4,19,3,305,31,92,13,34,18,58,11,18,17,39,56,8,5,4,7,17,91,0.337,0.382,0.31,0.435,0.611,0.455
237,Dario Saric,2018-19,24,TOT,0.4,19,13,540,71,186,42,91,29,95,39,42,35,87,122,34,10,4,35,55,210,0.382,0.462,0.305,0.46,0.929,0.513
238,Omari Spellman,2018-19,21,ATL,0.4,18,8,335,43,110,28,60,15,50,12,18,33,53,86,21,11,11,11,29,113,0.391,0.467,0.3,0.459,0.667,0.479
239,Anthony Tolliver,2018-19,33,MIN,0.4,15,0,267,25,58,4,6,21,52,7,12,7,32,39,11,6,8,10,29,78,0.431,0.667,0.404,0.612,0.583,0.616
240,Troy Williams,2018-19,24,SAC,0.4,10,0,150,25,50,15,25,10,25,5,7,3,23,26,5,4,4,3,19,65,0.5,0.6,0.4,0.6,0.714,0.612
241,Carmelo Anthony,2018-19,34,HOU,0.3,10,2,294,49,121,28,57,21,64,15,22,9,45,54,5,4,7,8,32,134,0.405,0.491,0.328,0.492,0.682,0.513
242,Dwayne Bacon,2018-19,23,CHO,0.3,12,0,170,32,64,23,46,9,18,10,12,2,23,25,10,3,0,7,20,83,0.5,0.5,0.5,0.57,0.833,0.599
243,Will Barton,2018-19,28,DEN,0.3,2,2,54,12,21,7,12,5,9,4,4,0,10,10,6,1,2,3,5,33,0.571,0.583,0.556,0.69,1.0,0.725
244,Thomas Bryant,2018-19,21,WAS,0.3,9,3,85,17,31,16,22,1,9,8,10,9,15,24,7,1,5,4,6,43,0.548,0.727,0.111,0.565,0.8,0.607
245,Vince Carter,2018-19,42,ATL,0.3,19,8,340,47,117,20,44,27,73,12,15,6,41,47,17,12,6,11,34,133,0.402,0.455,0.37,0.517,0.8,0.538
246,John Collins,2018-19,21,ATL,0.3,5,3,120,31,49,29,41,2,8,11,15,9,20,29,15,0,2,12,17,75,0.633,0.707,0.25,0.653,0.733,0.674
247,Sam Dekker,2018-19,24,CLE,0.3,9,5,169,22,48,17,35,5,13,8,10,9,24,33,9,11,0,5,13,57,0.458,0.486,0.385,0.51,0.8,0.544
248,Tyreke Evans,2018-19,29,IND,0.3,18,3,374,68,182,42,112,26,70,28,38,11,41,52,46,19,8,27,32,190,0.374,0.375,0.371,0.445,0.737,0.478
249,Cristiano Felicio,2018-19,26,CHI,0.3,16,0,217,23,40,23,39,0,1,12,16,17,44,61,10,2,2,12,20,58,0.575,0.59,0.0,0.575,0.75,0.616
250,Yogi Ferrell,2018-19,25,SAC,0.3,12,2,178,23,55,15,31,8,24,15,15,2,18,20,11,7,1,6,13,69,0.418,0.484,0.333,0.491,1.0,0.56
251,Markelle Fultz,2018-19,20,PHI,0.3,19,15,427,65,155,61,141,4,14,21,37,26,44,70,59,17,5,25,52,155,0.419,0.433,0.286,0.432,0.568,0.452
252,Jerian Grant,2018-19,26,ORL,0.3,20,0,387,36,89,21,48,15,41,5,11,9,30,39,71,23,2,28,31,92,0.404,0.438,0.366,0.489,0.455,0.49
253,Devin Harris,2018-19,35,DAL,0.3,8,0,120,17,41,11,17,6,24,13,18,0,17,17,10,11,2,7,15,53,0.415,0.647,0.25,0.488,0.722,0.542
254,Shaquille Harrison,2018-19,25,CHI,0.3,11,0,186,25,64,22,49,3,15,18,30,6,33,39,26,21,1,9,17,71,0.391,0.449,0.2,0.414,0.6,0.46
255,Rondae Hollis-Jefferson,2018-19,24,BRK,0.3,17,2,367,62,149,60,134,2,15,35,56,27,68,95,26,13,10,19,31,161,0.416,0.448,0.133,0.423,0.625,0.464
256,Furkan Korkmaz,2018-19,21,PHI,0.3,14,0,144,20,49,12,21,8,28,5,7,5,22,27,12,7,0,4,15,53,0.408,0.571,0.286,0.49,0.714,0.509
257,Kosta Koufos,2018-19,29,SAC,0.3,7,0,98,14,27,14,27,0,0,0,0,8,30,38,7,7,3,3,15,28,0.519,0.519,,0.519,,0.519
258,Ian Mahinmi,2018-19,32,WAS,0.3,11,6,161,11,26,10,21,1,5,24,36,18,24,42,5,6,5,7,29,47,0.423,0.476,0.2,0.442,0.667,0.562
259,Thon Maker,2018-19,21,MIL,0.3,11,0,135,23,55,11,20,12,35,2,6,7,28,35,7,2,7,4,15,60,0.418,0.55,0.343,0.527,0.333,0.52
260,Darius Miller,2018-19,28,NOP,0.3,16,0,321,31,72,9,16,22,56,2,3,4,18,22,25,6,5,11,31,86,0.431,0.563,0.393,0.583,0.667,0.586
261,Georges Niang,2018-19,25,UTA,0.3,16,0,122,18,40,7,13,11,27,6,7,3,19,22,6,3,1,5,13,53,0.45,0.538,0.407,0.588,0.857,0.615
262,Norman Powell,2018-19,25,TOR,0.3,11,2,164,20,42,11,20,9,22,6,8,2,20,22,10,5,1,8,17,55,0.476,0.55,0.409,0.583,0.75,0.604
263,Alex Poythress,2018-19,25,ATL,0.3,13,1,195,26,49,21,35,5,14,8,17,20,29,49,11,3,5,8,31,65,0.531,0.6,0.357,0.582,0.471,0.575
264,Collin Sexton,2018-19,20,CLE,0.3,18,8,497,101,216,88,188,13,28,47,53,12,38,50,43,8,3,38,43,262,0.468,0.468,0.464,0.498,0.887,0.547
265,Daniel Theis,2018-19,26,BOS,0.3,11,0,123,25,41,22,34,3,7,3,7,12,19,31,6,1,4,9,30,56,0.61,0.647,0.429,0.646,0.429,0.635
266,Dwyane Wade,2018-19,37,MIA,0.3,12,0,303,69,149,50,101,19,48,22,36,16,31,47,36,6,7,32,26,179,0.463,0.495,0.396,0.527,0.611,0.543
267,DeAndre' Bembry,2018-19,24,ATL,0.2,20,2,464,62,154,46,104,16,50,28,45,13,82,95,50,24,15,29,44,168,0.403,0.442,0.32,0.455,0.622,0.483
268,Dillon Brooks,2018-19,23,MEM,0.2,11,0,208,27,66,20,47,7,19,14,18,6,17,23,10,8,4,9,30,75,0.409,0.426,0.368,0.462,0.778,0.507
269,Jaylen Brown,2018-19,22,BOS,0.2,19,19,533,82,206,63,131,19,75,28,45,22,56,78,24,12,11,26,47,211,0.398,0.481,0.253,0.444,0.622,0.467
270,Jalen Brunson,2018-19,22,DAL,0.2,16,1,216,30,72,23,47,7,25,7,10,3,20,23,23,7,0,10,17,74,0.417,0.489,0.28,0.465,0.7,0.484
271,Deonte Burton,2018-19,25,OKC,0.2,10,0,82,16,34,13,25,3,9,2,3,1,11,12,4,3,2,2,10,37,0.471,0.52,0.333,0.515,0.667,0.524
272,DeMarre Carroll,2018-19,32,BRK,0.2,10,0,203,21,65,10,31,11,34,30,34,8,39,47,10,2,1,13,15,83,0.323,0.323,0.324,0.408,0.882,0.519
273,Torrey Craig,2018-19,28,DEN,0.2,15,11,246,24,61,19,32,5,29,4,7,22,29,51,7,7,7,11,29,57,0.393,0.594,0.172,0.434,0.571,0.445
274,Jared Dudley,2018-19,33,BRK,0.2,21,20,484,37,97,17,34,20,63,8,12,15,47,62,34,12,6,20,57,102,0.381,0.5,0.317,0.485,0.667,0.499
275,Dante Exum,2018-19,23,UTA,0.2,20,0,350,46,118,37,85,9,33,37,50,7,30,37,44,6,4,21,38,138,0.39,0.435,0.273,0.428,0.74,0.493
276,JaMychal Green,2018-19,28,MEM,0.2,7,2,147,24,57,19,45,5,12,6,6,15,33,48,7,6,7,11,22,59,0.421,0.422,0.417,0.465,1.0,0.495
277,Maurice Harkless,2018-19,25,POR,0.2,8,1,125,10,28,7,13,3,15,3,4,4,24,28,5,4,7,3,18,26,0.357,0.538,0.2,0.411,0.75,0.437
278,Isaiah Hartenstein,2018-19,20,HOU,0.2,17,0,147,15,31,14,27,1,4,9,12,13,16,29,9,4,9,11,35,40,0.484,0.519,0.25,0.5,0.75,0.551
279,Aaron Holiday,2018-19,22,IND,0.2,9,0,97,20,45,13,21,7,24,11,14,1,20,21,10,2,2,9,13,58,0.444,0.619,0.292,0.522,0.786,0.567
280,Kevin Huerter,2018-19,20,ATL,0.2,19,3,370,38,100,19,48,19,52,8,12,14,46,60,34,12,6,15,30,103,0.38,0.396,0.365,0.475,0.667,0.489
281,Brandon Ingram,2018-19,21,LAL,0.2,15,15,480,92,198,82,169,10,29,43,64,12,57,69,32,11,10,38,42,237,0.465,0.485,0.345,0.49,0.672,0.524
282,Wesley Iwundu,2018-19,24,ORL,0.2,16,12,288,25,68,20,50,5,18,21,27,8,27,35,17,5,4,9,28,76,0.368,0.4,0.278,0.404,0.778,0.476
283,Tyus Jones,2018-19,22,MIN,0.2,19,2,353,34,102,23,62,11,40,10,14,5,28,33,54,21,1,10,16,89,0.333,0.371,0.275,0.387,0.714,0.411
284,Frank Kaminsky,2018-19,25,CHO,0.2,8,0,79,15,31,12,21,3,10,10,13,6,15,21,8,1,2,7,7,43,0.484,0.571,0.3,0.532,0.769,0.586
285,Rodions Kurucs,2018-19,20,BRK,0.2,7,0,82,18,35,12,21,6,14,4,4,7,14,21,1,1,0,5,4,46,0.514,0.571,0.429,0.6,1.0,0.626
286,Damion Lee,2018-19,26,GSW,0.2,9,0,126,16,38,6,17,10,21,8,10,0,18,18,2,6,0,4,13,50,0.421,0.353,0.476,0.553,0.8,0.59
287,Kevin Love,2018-19,30,CLE,0.2,4,4,136,21,65,14,41,7,24,27,33,10,44,54,14,1,1,10,14,76,0.323,0.341,0.292,0.377,0.818,0.478
288,Frank Mason,2018-19,24,SAC,0.2,19,0,272,37,96,31,62,6,34,24,33,3,23,26,60,10,3,19,17,104,0.385,0.5,0.176,0.417,0.727,0.471
289,Malik Monk,2018-19,20,CHO,0.2,18,0,386,73,195,36,84,37,111,29,33,5,29,34,39,11,4,24,31,212,0.374,0.429,0.333,0.469,0.879,0.506
290,Kyle O'Quinn,2018-19,28,IND,0.2,12,0,71,12,28,12,25,0,3,6,6,10,19,29,15,1,6,7,16,30,0.429,0.48,0.0,0.429,1.0,0.49
291,Elfrid Payton,2018-19,24,NOP,0.2,6,6,152,24,51,21,44,3,7,7,11,7,24,31,32,5,1,12,16,58,0.471,0.477,0.429,0.5,0.636,0.519
292,Quincy Pondexter,2018-19,30,SAS,0.2,16,0,90,9,18,8,12,1,6,12,15,4,12,16,5,6,0,5,11,31,0.5,0.667,0.167,0.528,0.8,0.63
293,Wayne Selden,2018-19,24,MEM,0.2,19,0,309,42,100,28,59,14,41,13,15,7,18,25,21,7,4,17,31,111,0.42,0.475,0.341,0.49,0.867,0.521
294,Dennis Smith,2018-19,21,DAL,0.2,16,16,447,86,194,62,133,24,61,30,46,10,33,43,62,17,6,50,45,226,0.443,0.466,0.393,0.505,0.652,0.527
295,Jason Smith,2018-19,32,WAS,0.2,10,1,111,13,32,10,25,3,7,9,10,11,22,33,10,1,5,6,19,38,0.406,0.4,0.429,0.453,0.9,0.522
296,Milos Teodosic,2018-19,31,LAC,0.2,9,0,89,10,18,4,5,6,13,3,4,2,12,14,19,1,1,10,16,29,0.556,0.8,0.462,0.722,0.75,0.734
297,Johnathan Williams,2018-19,23,LAL,0.2,6,0,85,11,19,11,19,0,0,1,5,11,10,21,4,1,3,2,19,23,0.579,0.579,,0.579,0.2,0.542
298,Robert Williams,2018-19,21,BOS,0.2,6,0,23,4,4,4,4,0,0,1,2,3,4,7,1,0,4,0,5,9,1.0,1.0,,1.0,0.5,0.922
299,Justise Winslow,2018-19,22,MIA,0.2,15,9,413,47,136,34,94,13,42,27,39,18,62,80,54,14,5,28,36,134,0.346,0.362,0.31,0.393,0.692,0.437
300,Khem Birch,2018-19,26,ORL,0.1,7,0,40,5,8,5,8,0,0,0,0,3,8,11,1,4,0,2,4,10,0.625,0.625,,0.625,,0.625
301,Bismack Biyombo,2018-19,26,CHO,0.1,8,0,68,7,12,7,12,0,0,3,7,5,12,17,2,0,9,3,16,17,0.583,0.583,,0.583,0.429,0.564
302,Chris Boucher,2018-19,26,TOR,0.1,3,0,12,4,8,3,4,1,4,4,6,3,4,7,0,0,3,0,2,13,0.5,0.75,0.25,0.563,0.667,0.611
303,MarShon Brooks,2018-19,30,MEM,0.1,17,0,235,46,107,36,73,10,34,15,19,9,23,32,19,5,3,15,19,117,0.43,0.493,0.294,0.477,0.789,0.507
304,Bruce Brown,2018-19,22,DET,0.1,10,3,145,12,35,11,24,1,11,9,13,6,11,17,3,7,2,3,22,34,0.343,0.458,0.091,0.357,0.692,0.417
305,Sterling Brown,2018-19,23,MIL,0.1,12,0,101,15,35,11,17,4,18,5,6,6,13,19,7,1,1,7,13,39,0.429,0.647,0.222,0.486,0.833,0.518
306,Troy Brown,2018-19,19,WAS,0.1,8,0,42,7,16,5,12,2,4,4,4,2,8,10,3,2,0,1,3,20,0.438,0.417,0.5,0.5,1.0,0.563
307,Seth Curry,2018-19,28,POR,0.1,16,0,273,27,72,10,35,17,37,3,3,4,19,23,12,2,1,9,20,74,0.375,0.286,0.459,0.493,1.0,0.505
308,Matthew Dellavedova,2018-19,28,MIL,0.1,10,0,71,6,16,2,7,4,9,2,2,0,9,9,22,2,0,8,5,18,0.375,0.286,0.444,0.5,1.0,0.533
309,Kenneth Faried,2018-19,29,BRK,0.1,7,0,41,9,12,9,12,0,0,3,7,6,9,15,0,1,1,3,2,21,0.75,0.75,,0.75,0.429,0.696
310,Terrance Ferguson,2018-19,20,OKC,0.1,15,15,320,24,66,13,23,11,43,3,4,11,19,30,10,8,3,14,39,62,0.364,0.565,0.256,0.447,0.75,0.457
311,Gerald Green,2018-19,33,HOU,0.1,16,0,265,39,103,16,24,23,79,7,9,8,29,37,6,3,1,8,25,108,0.379,0.667,0.291,0.49,0.778,0.505
312,Andrew Harrison,2018-19,24,TOT,0.1,8,0,111,11,32,8,19,3,13,11,11,4,9,13,13,3,2,6,18,36,0.344,0.421,0.231,0.391,1.0,0.489
313,Chandler Hutchison,2018-19,22,CHI,0.1,16,3,309,31,72,27,53,4,19,15,23,10,54,64,11,11,3,15,28,81,0.431,0.509,0.211,0.458,0.652,0.493
314,Luke Kennard,2018-19,22,DET,0.1,3,1,43,8,12,7,10,1,2,0,0,0,5,5,3,1,1,1,2,17,0.667,0.7,0.5,0.708,,0.708
315,Kyle Korver,2018-19,37,CLE,0.1,15,0,230,28,64,9,19,19,45,11,14,0,27,27,15,3,2,17,20,86,0.438,0.474,0.422,0.586,0.786,0.613
316,Jon Leuer,2018-19,29,DET,0.1,8,0,64,8,15,8,12,0,3,4,6,6,11,17,3,2,0,3,11,20,0.533,0.667,0.0,0.533,0.667,0.567
317,Jordan Loyd,2018-19,25,TOR,0.1,3,0,17,3,3,1,1,2,2,4,4,1,4,5,1,0,0,1,2,12,1.0,1.0,1.0,1.333,1.0,1.261
318,Timothe Luwawu-Cabarrot,2018-19,23,OKC,0.1,12,1,106,13,36,8,18,5,18,3,4,4,12,16,4,3,1,4,11,34,0.361,0.444,0.278,0.431,0.75,0.45
319,Tyler Lydon,2018-19,22,DEN,0.1,6,0,22,4,6,2,3,2,3,1,2,2,2,4,0,0,0,0,1,11,0.667,0.667,0.667,0.833,0.5,0.799
320,Salah Mejri,2018-19,32,DAL,0.1,5,0,37,4,6,4,6,0,0,2,2,3,9,12,3,0,1,2,6,10,0.667,0.667,,0.667,1.0,0.727
321,C.J. Miles,2018-19,31,TOR,0.1,15,0,227,27,86,12,29,15,57,13,18,6,22,28,11,5,6,8,25,82,0.314,0.414,0.263,0.401,0.722,0.437
322,Greg Monroe,2018-19,28,TOR,0.1,10,0,74,17,33,17,31,0,2,3,6,11,19,30,4,3,0,8,9,37,0.515,0.548,0.0,0.515,0.5,0.519
323,Jaylen Morris,2018-19,23,MIL,0.1,2,0,13,3,4,2,3,1,1,0,0,0,2,2,1,1,0,1,1,7,0.75,0.667,1.0,0.875,,0.875
324,James Nunnally,2018-19,28,MIN,0.1,6,0,40,5,12,3,5,2,7,4,4,0,3,3,3,1,0,1,3,16,0.417,0.6,0.286,0.5,1.0,0.581
325,Cameron Payne,2018-19,24,CHI,0.1,18,12,344,43,108,30,67,13,41,16,17,9,26,35,47,13,4,23,30,115,0.398,0.448,0.317,0.458,0.941,0.498
326,Bobby Portis,2018-19,23,CHI,0.1,4,4,113,17,41,14,30,3,11,5,9,6,34,40,8,2,4,5,14,42,0.415,0.467,0.273,0.451,0.556,0.467
327,Jerome Robinson,2018-19,21,LAC,0.1,8,0,40,9,18,4,9,5,9,0,0,0,3,3,1,0,0,1,6,23,0.5,0.444,0.556,0.639,,0.639
328,Thabo Sefolosha,2018-19,34,UTA,0.1,7,0,67,3,10,2,4,1,6,5,6,2,20,22,4,3,1,4,6,12,0.3,0.5,0.167,0.35,0.833,0.475
329,Lance Thomas,2018-19,30,NYK,0.1,11,5,167,14,41,9,24,5,17,10,11,4,20,24,6,7,3,6,22,43,0.341,0.375,0.294,0.402,0.909,0.469
330,Ekpe Udoh,2018-19,31,UTA,0.1,14,0,65,6,7,6,7,0,0,4,6,2,9,11,3,1,7,5,10,16,0.857,0.857,,0.857,0.667,0.83
331,Christian Wood,2018-19,23,MIL,0.1,5,0,29,7,14,5,10,2,4,3,4,3,9,12,2,0,0,2,2,19,0.5,0.5,0.5,0.571,0.75,0.603
332,Guerschon Yabusele,2018-19,23,BOS,0.1,10,0,40,5,16,4,10,1,6,7,8,4,6,10,3,2,1,1,5,18,0.313,0.4,0.167,0.344,0.875,0.461
333,Ante Zizic,2018-19,22,CLE,0.1,14,0,118,20,34,20,34,0,0,14,20,14,26,40,5,1,1,14,18,54,0.588,0.588,,0.588,0.7,0.631
334,Ivica Zubac,2018-19,21,LAL,0.1,5,0,40,5,12,5,12,0,0,4,4,9,10,19,2,1,1,3,12,14,0.417,0.417,,0.417,1.0,0.509
335,Jaylen Adams,2018-19,22,ATL,0.0,4,0,13,1,4,0,0,1,4,0,0,0,2,2,1,0,1,0,0,3,0.25,,0.25,0.375,,0.375
336,DeVaughn Akoon-Purcell,2018-19,25,DEN,0.0,5,0,18,2,8,2,4,0,4,1,2,1,2,3,3,1,0,1,4,5,0.25,0.5,0.0,0.25,0.5,0.282
337,Justin Anderson,2018-19,25,ATL,0.0,3,0,34,7,15,7,9,0,6,4,5,0,2,2,0,3,1,2,5,18,0.467,0.778,0.0,0.467,0.8,0.523
338,Michael Beasley,2018-19,30,LAL,0.0,4,0,20,4,9,4,8,0,1,2,3,2,2,4,0,1,0,2,7,10,0.444,0.5,0.0,0.444,0.667,0.484
339,Jonah Bolden,2018-19,23,PHI,0.0,6,0,40,4,11,3,4,1,7,1,2,0,9,9,2,3,1,2,6,10,0.364,0.75,0.143,0.409,0.5,0.421
340,Isaiah Briscoe,2018-19,22,ORL,0.0,8,0,57,7,16,6,15,1,1,1,3,0,4,4,8,0,0,2,8,16,0.438,0.4,1.0,0.469,0.333,0.462
341,Ryan Broekhoff,2018-19,28,DAL,0.0,9,0,34,4,11,1,1,3,10,0,0,0,5,5,0,0,0,0,2,11,0.364,1.0,0.3,0.5,,0.5
342,Jose Calderon,2018-19,37,DET,0.0,13,0,125,7,27,4,10,3,17,3,3,3,7,10,13,5,2,4,16,20,0.259,0.4,0.176,0.315,1.0,0.353
343,Michael Carter-Williams,2018-19,27,HOU,0.0,10,1,107,15,39,12,28,3,11,8,19,2,9,11,16,8,4,8,21,41,0.385,0.429,0.273,0.423,0.421,0.433
344,Jamal Crawford,2018-19,38,PHO,0.0,17,0,237,35,86,19,43,16,43,17,21,1,16,17,34,6,1,18,17,103,0.407,0.442,0.372,0.5,0.81,0.541
345,Troy Daniels,2018-19,27,PHO,0.0,5,0,40,5,15,2,4,3,11,1,1,1,3,4,4,4,0,3,6,14,0.333,0.5,0.273,0.433,1.0,0.453
346,Marcus Derrickson,2018-19,22,GSW,0.0,2,0,8,1,2,1,2,0,0,0,0,0,1,1,0,0,0,1,3,2,0.5,0.5,,0.5,,0.5
347,Vince Edwards,2018-19,22,HOU,0.0,1,0,4,1,2,0,0,1,2,0,0,1,0,1,0,0,0,0,0,3,0.5,,0.5,0.75,,0.75
348,Henry Ellenson,2018-19,22,DET,0.0,1,0,8,2,5,1,3,1,2,2,2,0,3,3,0,0,0,0,1,7,0.4,0.333,0.5,0.5,1.0,0.595
349,Drew Eubanks,2018-19,21,SAS,0.0,3,0,13,3,5,3,5,0,0,2,2,1,0,1,0,0,0,2,0,8,0.6,0.6,,0.6,1.0,0.68
350,Raymond Felton,2018-19,34,OKC,0.0,11,0,130,22,64,18,38,4,26,8,9,3,14,17,21,5,3,10,10,56,0.344,0.474,0.154,0.375,0.889,0.412
351,Channing Frye,2018-19,35,CLE,0.0,3,1,31,4,8,1,4,3,4,0,0,0,7,7,1,1,0,2,4,11,0.5,0.25,0.75,0.688,,0.688
352,Devonte' Graham,2018-19,23,CHO,0.0,6,0,63,6,17,4,5,2,12,0,0,0,6,6,9,1,0,3,6,14,0.353,0.8,0.167,0.412,,0.412
353,Solomon Hill,2018-19,27,NOP,0.0,8,1,142,8,29,5,15,3,14,3,4,2,15,17,14,6,3,5,11,22,0.276,0.333,0.214,0.328,0.75,0.358
354,John Holland,2018-19,30,CLE,0.0,1,0,1,0,0,0,0,0,0,0,0,0,0,0,0,0,0,0,0,0,,,,,,
355,Alize Johnson,2018-19,22,IND,0.0,3,0,9,1,2,1,2,0,0,0,2,0,4,4,0,0,0,0,3,2,0.5,0.5,,0.5,0.0,0.347
356,Derrick Jones,2018-19,21,MIA,0.0,12,4,181,24,61,19,46,5,15,10,15,15,21,36,7,3,6,11,22,63,0.393,0.413,0.333,0.434,0.667,0.466
357,Skal Labissiere,2018-19,22,SAC,0.0,7,0,40,6,13,5,8,1,5,4,5,1,8,9,2,2,1,4,11,17,0.462,0.625,0.2,0.5,0.8,0.559
358,T.J. Leaf,2018-19,21,IND,0.0,12,0,85,12,29,10,21,2,8,0,0,7,10,17,4,1,2,4,6,26,0.414,0.476,0.25,0.448,,0.448
359,Zach Lofton,2018-19,26,DET,0.0,1,0,4,0,1,0,0,0,1,0,0,0,0,0,0,1,0,1,0,0,0.0,,0.0,0.0,,0.0
360,Daryl Macon,2018-19,23,DAL,0.0,1,0,1,0,0,0,0,0,0,0,0,0,0,0,0,0,0,0,0,0,,,,,,
361,Luc Mbah a Moute,2018-19,32,LAC,0.0,4,0,61,8,18,6,12,2,6,2,5,2,5,7,2,1,1,2,8,20,0.444,0.5,0.333,0.5,0.4,0.495
362,Chimezie Metu,2018-19,21,SAS,0.0,10,0,55,7,18,7,16,0,2,5,7,4,9,13,4,2,2,6,3,19,0.389,0.438,0.0,0.389,0.714,0.451
363,Naz Mitrou-Long,2018-19,25,UTA,0.0,1,0,4,0,1,0,0,0,1,0,0,0,0,0,0,0,0,0,1,0,0.0,,0.0,0.0,,0.0
364,Svi Mykhailiuk,2018-19,21,LAL,0.0,9,0,87,6,20,3,10,3,10,4,8,2,2,4,10,3,0,3,5,19,0.3,0.3,0.3,0.375,0.5,0.404
365,Abdel Nader,2018-19,25,OKC,0.0,7,0,15,3,7,3,5,0,2,0,0,1,2,3,1,2,1,2,2,6,0.429,0.6,0.0,0.429,,0.429
366,Raul Neto,2018-19,26,UTA,0.0,3,0,30,3,9,2,6,1,3,4,4,0,3,3,7,2,0,3,3,11,0.333,0.333,0.333,0.389,1.0,0.511
367,Royce O'Neale,2018-19,25,UTA,0.0,20,2,306,31,70,26,51,5,19,8,11,7,43,50,20,9,1,21,36,75,0.443,0.51,0.263,0.479,0.727,0.501
368,Semi Ojeleye,2018-19,24,BOS,0.0,13,1,141,13,32,9,15,4,17,3,7,5,16,21,1,3,1,6,9,33,0.406,0.6,0.235,0.469,0.429,0.47
369,Jahlil Okafor,2018-19,23,NOP,0.0,9,2,59,12,26,12,26,0,0,6,6,10,8,18,1,0,0,6,10,30,0.462,0.462,,0.462,1.0,0.524
370,Elie Okobo,2018-19,21,PHO,0.0,11,1,166,23,61,16,35,7,26,13,14,2,14,16,25,3,1,11,23,66,0.377,0.457,0.269,0.434,0.929,0.491
371,Josh Okogie,2018-19,20,MIN,0.0,15,7,328,41,111,29,66,12,45,18,23,12,42,54,15,14,5,17,30,112,0.369,0.439,0.267,0.423,0.783,0.462
372,Jabari Parker,2018-19,23,CHI,0.0,20,13,638,128,280,107,211,21,69,47,63,22,120,142,48,14,9,55,46,324,0.457,0.507,0.304,0.495,0.746,0.526
373,Chandler Parsons,2018-19,30,MEM,0.0,3,3,46,7,17,4,7,3,10,0,0,1,3,4,2,1,1,2,7,17,0.412,0.571,0.3,0.5,,0.5
374,Theo Pinson,2018-19,23,BRK,0.0,2,0,10,0,3,0,1,0,2,2,2,0,1,1,3,0,0,0,0,2,0.0,0.0,0.0,0.0,1.0,0.258
375,Zhou Qi,2018-19,23,HOU,0.0,1,0,1,1,1,1,1,0,0,0,0,0,0,0,0,0,0,0,0,2,1.0,1.0,,1.0,,1.0
376,Ivan Rabb,2018-19,21,MEM,0.0,8,0,53,8,13,8,12,0,1,3,5,4,14,18,5,1,1,8,9,19,0.615,0.667,0.0,0.615,0.6,0.625
377,Davon Reed,2018-19,23,IND,0.0,3,0,6,0,0,0,0,0,0,0,0,0,0,0,0,0,0,0,1,0,,,,,,
378,Duncan Robinson,2018-19,24,MIA,0.0,4,0,29,2,6,0,0,2,6,0,0,0,5,5,0,1,0,0,1,6,0.333,,0.333,0.5,,0.5
379,Ray Spalding,2018-19,21,DAL,0.0,1,0,1,0,0,0,0,0,0,0,0,0,0,0,0,0,0,0,0,0,,,,,,
380,Khyri Thomas,2018-19,22,DET,0.0,2,0,11,1,4,0,1,1,3,0,0,0,1,1,1,0,0,1,1,3,0.25,0.0,0.333,0.375,,0.375
381,Sindarius Thornwell,2018-19,24,LAC,0.0,6,0,44,1,4,1,2,0,2,4,4,0,9,9,3,0,1,2,12,6,0.25,0.5,0.0,0.25,1.0,0.521
382,Gary Trent,2018-19,20,POR,0.0,2,0,13,4,9,2,6,2,3,0,0,0,3,3,0,0,0,1,0,10,0.444,0.333,0.667,0.556,,0.556
383,Tyler Ulis,2018-19,23,CHI,0.0,1,0,1,0,0,0,0,0,0,0,0,0,0,0,0,0,0,0,0,0,,,,,,
384,Moritz Wagner,2018-19,21,LAL,0.0,1,0,2,0,1,0,0,0,1,0,0,0,0,0,0,0,0,0,0,0,0.0,,0.0,0.0,,0.0
385,Tyrone Wallace,2018-19,24,LAC,0.0,12,0,82,15,34,15,30,0,4,6,12,1,9,10,3,2,0,3,10,36,0.441,0.5,0.0,0.441,0.5,0.458
386,Taurean Waller-Prince,2018-19,24,ATL,0.0,17,16,488,88,214,47,96,41,118,40,46,5,66,71,41,20,4,46,50,257,0.411,0.49,0.347,0.507,0.87,0.549
387,Brad Wanamaker,2018-19,29,BOS,0.0,5,0,31,5,11,4,8,1,3,5,6,0,3,3,4,1,0,4,1,16,0.455,0.5,0.333,0.5,0.833,0.587
388,Yuta Watanabe,2018-19,24,MEM,0.0,2,0,12,0,1,0,0,0,1,2,2,0,4,4,0,0,1,1,0,2,0.0,,0.0,0.0,1.0,0.532
389,Thomas Welsh,2018-19,22,DEN,0.0,4,0,12,2,3,1,1,1,2,0,0,0,3,3,2,0,0,1,1,5,0.667,1.0,0.5,0.833,,0.833
390,Okaro White,2018-19,26,WAS,0.0,1,0,3,0,1,0,0,0,1,0,0,1,1,2,0,0,0,0,0,0,0.0,,0.0,0.0,,0.0
391,Kenrich Williams,2018-19,24,NOP,0.0,5,0,27,2,5,1,3,1,2,0,0,0,5,5,0,0,0,1,7,5,0.4,0.333,0.5,0.5,,0.5
392,Grayson Allen,2018-19,23,UTA,-0.1,13,1,133,18,51,8,17,10,34,13,19,1,2,3,5,1,0,9,16,59,0.353,0.471,0.294,0.451,0.684,0.497
393,Ryan Anderson,2018-19,30,PHO,-0.1,12,8,245,18,56,11,25,7,31,11,14,12,28,40,16,3,1,10,20,54,0.321,0.44,0.226,0.384,0.786,0.434
394,Ike Anigbogu,2018-19,20,IND,-0.1,2,0,4,0,3,0,3,0,0,0,0,1,1,2,1,0,1,1,0,0,0.0,0.0,,0.0,,0.0
395,Ron Baker,2018-19,25,NYK,-0.1,9,0,92,2,12,2,4,0,8,5,6,1,5,6,9,4,0,3,15,9,0.167,0.5,0.0,0.167,0.833,0.307
396,Keita Bates-Diop,2018-19,23,MIN,-0.1,2,0,18,2,8,2,4,0,4,0,0,0,3,3,0,0,1,0,1,4,0.25,0.5,0.0,0.25,,0.25
397,Dragan Bender,2018-19,21,PHO,-0.1,6,0,26,2,8,2,4,0,4,0,0,2,4,6,2,0,0,3,3,4,0.25,0.5,0.0,0.25,,0.25
398,Lorenzo Brown,2018-19,28,TOR,-0.1,14,0,135,17,45,12,23,5,22,2,2,2,16,18,15,6,4,13,14,41,0.378,0.522,0.227,0.433,1.0,0.447
399,Isaiah Canaan,2018-19,27,PHO,-0.1,18,15,482,49,124,25,56,24,68,15,20,4,42,46,59,12,0,29,46,137,0.395,0.446,0.353,0.492,0.75,0.516
400,Marquese Chriss,2018-19,21,HOU,-0.1,5,0,24,4,12,4,7,0,5,0,0,1,3,4,1,0,2,2,4,8,0.333,0.571,0.0,0.333,,0.333
401,Luol Deng,2018-19,33,MIN,-0.1,2,0,19,2,9,2,5,0,4,1,2,5,5,10,0,0,1,1,0,5,0.222,0.4,0.0,0.222,0.5,0.253
402,Tyler Dorsey,2018-19,22,ATL,-0.1,10,0,105,12,36,10,24,2,12,5,12,1,14,15,6,3,0,1,7,31,0.333,0.417,0.167,0.361,0.417,0.375
403,Kris Dunn,2018-19,24,CHI,-0.1,1,1,30,4,13,3,9,1,4,0,0,0,4,4,7,0,0,4,6,9,0.308,0.333,0.25,0.346,,0.346
404,Jacob Evans,2018-19,21,GSW,-0.1,13,0,68,3,15,2,11,1,4,0,0,1,6,7,9,1,1,3,8,7,0.2,0.182,0.25,0.233,,0.233
405,Melvin Frazier,2018-19,22,ORL,-0.1,2,0,11,0,1,0,0,0,1,0,0,0,0,0,0,0,0,1,1,0,0.0,,0.0,0.0,,0.0
406,Tim Frazier,2018-19,28,NOP,-0.1,11,2,137,9,31,5,17,4,14,1,3,4,11,15,26,3,1,8,19,23,0.29,0.294,0.286,0.355,0.333,0.356
407,Harry Giles,2018-19,20,SAC,-0.1,16,0,169,38,85,38,83,0,2,5,12,17,35,52,18,12,4,19,40,81,0.447,0.458,0.0,0.447,0.417,0.449
408,Treveon Graham,2018-19,25,BRK,-0.1,2,0,27,0,3,0,1,0,2,0,0,1,3,4,1,1,0,2,5,0,0.0,0.0,0.0,0.0,,0.0
409,Daniel Hamilton,2018-19,23,ATL,-0.1,1,0,8,0,2,0,1,0,1,1,2,0,0,0,0,0,0,1,0,1,0.0,0.0,0.0,0.0,0.5,0.174
410,Udonis Haslem,2018-19,38,MIA,-0.1,2,0,6,1,4,1,2,0,2,0,0,0,1,1,0,0,0,2,2,2,0.25,0.5,0.0,0.25,,0.25
411,James Johnson,2018-19,31,MIA,-0.1,4,2,84,6,30,3,19,3,11,6,6,2,5,7,14,0,0,2,12,21,0.2,0.158,0.273,0.25,1.0,0.322
412,Luke Kornet,2018-19,23,NYK,-0.1,4,0,13,0,2,0,0,0,2,0,0,0,0,0,2,0,0,1,0,0,0.0,,0.0,0.0,,0.0
413,Robin Lopez,2018-19,30,CHI,-0.1,14,0,226,26,56,24,51,2,5,6,9,16,12,28,16,3,14,20,26,60,0.464,0.471,0.4,0.482,0.667,0.5
414,Jarell Martin,2018-19,24,ORL,-0.1,12,1,125,12,39,11,25,1,14,5,5,4,24,28,9,2,3,6,14,30,0.308,0.44,0.071,0.321,1.0,0.364
415,Ben McLemore,2018-19,25,SAC,-0.1,6,0,30,4,13,0,3,4,10,0,2,0,0,0,2,0,0,1,4,12,0.308,0.0,0.4,0.462,0.0,0.432
416,Jordan McRae,2018-19,27,WAS,-0.1,4,0,22,1,7,1,5,0,2,0,0,0,4,4,2,0,1,0,0,2,0.143,0.2,0.0,0.143,,0.143
417,De'Anthony Melton,2018-19,20,PHO,-0.1,4,0,42,4,14,2,6,2,8,0,0,0,8,8,2,4,1,4,7,10,0.286,0.333,0.25,0.357,,0.357
418,Dzanan Musa,2018-19,19,BRK,-0.1,6,0,22,5,12,5,7,0,5,0,2,1,2,3,1,2,0,3,1,10,0.417,0.714,0.0,0.417,0.0,0.388
419,Cedi Osman,2018-19,23,CLE,-0.1,16,15,498,66,171,41,98,25,73,30,38,12,68,80,40,12,5,36,35,187,0.386,0.418,0.342,0.459,0.789,0.498
420,J.R. Smith,2018-19,33,CLE,-0.1,11,4,222,27,79,15,40,12,39,8,10,0,18,18,21,11,3,11,19,74,0.342,0.375,0.308,0.418,0.8,0.444
421,Edmond Sumner,2018-19,23,IND,-0.1,5,0,20,1,4,1,3,0,1,0,2,1,0,1,1,1,0,1,3,2,0.25,0.333,0.0,0.25,0.0,0.205
422,Caleb Swanigan,2018-19,21,POR,-0.1,10,0,99,10,33,9,29,1,4,4,5,11,29,40,5,4,0,10,15,25,0.303,0.31,0.25,0.318,0.8,0.355
423,Jared Terrell,2018-19,23,MIN,-0.1,1,0,21,1,8,0,6,1,2,1,2,0,1,1,1,2,1,2,2,4,0.125,0.0,0.5,0.188,0.5,0.225
424,Derrick White,2018-19,24,SAS,-0.1,10,5,172,17,51,14,37,3,14,11,14,1,18,19,28,6,0,12,13,48,0.333,0.378,0.214,0.363,0.786,0.42
425,Wade Baldwin,2018-19,22,POR,-0.2,8,0,45,3,15,2,11,1,4,0,0,1,4,5,6,0,0,6,3,7,0.2,0.182,0.25,0.233,,0.233
426,Antonio Blakeney,2018-19,22,CHI,-0.2,20,0,382,84,193,58,136,26,57,21,33,4,39,43,12,7,4,20,18,215,0.435,0.426,0.456,0.503,0.636,0.518
427,Ian Clark,2018-19,27,NOP,-0.2,19,0,305,33,91,21,53,12,38,9,10,4,28,32,26,5,1,17,33,87,0.363,0.396,0.316,0.429,0.9,0.456
428,Eric Gordon,2018-19,30,HOU,-0.2,15,6,489,75,223,42,97,33,126,39,46,6,33,39,28,9,7,18,30,222,0.336,0.433,0.262,0.41,0.848,0.456
429,Frank Jackson,2018-19,20,NOP,-0.2,14,0,173,23,63,15,36,8,27,10,14,1,9,10,8,2,0,8,22,64,0.365,0.417,0.296,0.429,0.714,0.463
430,Kevin Knox,2018-19,19,NYK,-0.2,14,3,249,37,111,21,63,16,48,17,25,11,24,35,5,6,6,13,28,107,0.333,0.333,0.333,0.405,0.68,0.439
431,Frank Ntilikina,2018-19,20,NYK,-0.2,21,14,503,51,145,33,78,18,67,15,16,3,41,44,60,18,9,30,58,135,0.352,0.423,0.269,0.414,0.938,0.444
432,Malachi Richardson,2018-19,23,TOR,-0.2,12,0,68,5,18,1,3,4,15,2,3,1,9,10,0,1,0,7,8,16,0.278,0.333,0.267,0.389,0.667,0.414
433,Austin Rivers,2018-19,26,WAS,-0.2,19,0,427,50,122,29,57,21,65,16,26,7,34,41,30,11,8,24,43,137,0.41,0.509,0.323,0.496,0.615,0.513
434,Anfernee Simons,2018-19,19,POR,-0.2,5,0,34,5,15,5,10,0,5,1,4,0,5,5,1,0,0,3,1,11,0.333,0.5,0.0,0.333,0.25,0.328
435,Andrew Wiggins,2018-19,23,MIN,-0.2,16,16,530,95,251,64,166,31,85,27,36,10,50,60,37,23,8,27,37,248,0.378,0.386,0.365,0.44,0.75,0.465
436,Jonathon Simmons,2018-19,29,ORL,-0.3,18,0,382,45,140,38,102,7,38,36,42,10,38,48,42,7,11,22,34,133,0.321,0.373,0.184,0.346,0.857,0.42
437,Avery Bradley,2018-19,28,LAC,-0.4,13,13,365,39,109,32,74,7,35,5,7,7,17,24,19,11,5,17,37,90,0.358,0.432,0.2,0.39,0.714,0.401
438,Allen Crabbe,2018-19,26,BRK,-0.4,20,7,493,52,170,16,59,36,111,18,22,8,55,63,19,9,7,23,47,158,0.306,0.271,0.324,0.412,0.818,0.44
439,Mario Hezonja,2018-19,23,NYK,-0.4,19,4,367,61,162,46,103,15,59,12,22,8,62,70,21,13,3,25,32,149,0.377,0.447,0.254,0.423,0.545,0.434
440,Trae Young,2018-19,20,ATL,-0.4,20,20,584,111,290,83,174,28,116,64,77,9,48,57,153,13,6,78,29,314,0.383,0.477,0.241,0.431,0.831,0.485
441,Josh Jackson,2018-19,21,PHO,-0.8,19,3,329,53,130,41,91,12,39,19,32,6,38,44,28,13,12,43,43,137,0.408,0.451,0.308,0.454,0.594,0.475
