,Player,Season,Age,TM,WS,G,GS,MP,PER,3PAr,FTr,ORB%,DRB%,TRB%,AST%,STL%,BLK%,TOV%,USG%,ORtg,DRtg,OWS,DWS,WS/48,OBPM,DBPM,BPM,VORP
0,Kevin Durant,2018-19,30,GSW,3.2,21,21,738,26.4,0.21,0.39,1.4,21.6,12.1,27.8,1.2,2.6,12.7,32.2,118,109,2.4,0.8,0.209,4.2,0.5,4.7,1.3
1,Joel Embiid,2018-19,24,PHI,3.1,22,22,765,25.4,0.226,0.56,7.1,32.4,20.3,18.3,0.6,4.5,12.1,32.8,114,105,1.9,1.2,0.194,2.0,1.6,3.6,1.1
2,Rudy Gobert,2018-19,26,UTA,3.1,20,20,646,23.5,0.0,0.745,12.6,32.2,22.2,7.5,1.6,4.8,12.7,16.8,131,104,2.0,1.1,0.228,1.6,3.6,5.2,1.2
3,LeBron James,2018-19,34,LAL,3.1,19,19,666,27.6,0.308,0.403,3.1,20.0,11.8,32.3,1.7,2.0,13.2,31.1,119,107,2.2,0.9,0.222,6.7,1.1,7.8,1.7
4,Giannis Antetokounmpo,2018-19,24,MIL,3.0,18,18,602,28.6,0.138,0.491,8.6,29.9,20.0,27.5,2.0,3.0,16.8,32.8,115,100,1.7,1.3,0.242,4.0,4.5,8.5,1.6
5,Kyle Lowry,2018-19,32,TOR,3.0,21,21,707,20.0,0.552,0.27,2.1,11.3,7.0,40.7,1.9,0.7,17.5,19.5,124,108,2.1,0.9,0.205,4.4,-0.3,4.1,1.1
6,Anthony Davis,2018-19,25,NOP,2.9,16,16,599,28.1,0.11,0.487,10.2,24.8,17.5,19.4,1.8,5.7,8.8,27.6,122,107,2.1,0.8,0.233,4.1,3.6,7.7,1.5
7,Damian Lillard,2018-19,28,POR,2.9,20,20,696,24.2,0.391,0.374,2.6,12.0,7.5,29.0,1.0,0.9,9.6,30.7,120,112,2.4,0.5,0.203,6.4,-0.9,5.5,1.3
8,Nikola Jokic,2018-19,23,DEN,2.8,20,20,593,24.3,0.291,0.339,9.1,27.3,18.2,36.4,2.2,2.3,17.0,25.0,117,101,1.6,1.2,0.223,4.8,4.3,9.0,1.7
9,Pascal Siakam,2018-19,24,TOR,2.8,21,20,611,20.3,0.185,0.308,5.3,18.3,12.2,11.0,1.9,1.8,11.9,17.4,130,105,1.8,1.0,0.22,3.1,2.3,5.3,1.1
10,Clint Capela,2018-19,24,HOU,2.7,18,18,620,24.5,0.0,0.322,15.1,25.1,19.8,8.7,0.7,5.0,11.9,19.2,129,110,2.1,0.6,0.208,1.9,1.7,3.6,0.9
11,Kemba Walker,2018-19,28,CHO,2.7,19,19,663,25.2,0.47,0.279,1.3,11.7,6.5,31.6,1.6,0.9,9.8,32.1,119,111,2.2,0.6,0.198,7.9,-2.2,5.7,1.3
12,Steven Adams,2018-19,25,OKC,2.6,18,18,616,21.0,0.0,0.412,15.0,16.8,15.9,7.4,2.1,2.2,10.0,17.2,124,104,1.5,1.1,0.204,1.3,2.7,4.0,0.9
13,Montrezl Harrell,2018-19,25,LAC,2.6,19,0,487,26.3,0.0,0.712,9.9,19.6,15.0,9.1,2.0,5.3,11.5,21.9,129,104,1.7,0.9,0.256,3.6,3.4,7.0,1.1
14,Nikola Vucevic,2018-19,28,ORL,2.6,20,20,615,26.4,0.18,0.197,9.1,30.9,19.7,20.5,1.7,3.0,12.0,26.6,117,105,1.6,1.0,0.199,3.7,3.0,6.7,1.4
15,Marc Gasol,2018-19,34,MEM,2.5,19,19,662,21.1,0.333,0.376,4.4,27.8,15.9,19.1,2.4,3.4,9.6,23.1,113,100,1.1,1.4,0.184,1.6,3.8,5.5,1.2
16,Eric Bledsoe,2018-19,29,MIL,2.4,19,19,554,20.2,0.415,0.267,4.2,11.5,8.1,28.7,2.0,1.8,14.2,21.1,122,105,1.5,0.9,0.205,3.8,1.1,4.9,1.0
17,Kyrie Irving,2018-19,26,BOS,2.4,19,19,613,23.0,0.36,0.165,3.7,12.4,7.9,34.7,2.6,1.6,11.2,28.9,113,103,1.2,1.1,0.186,5.3,1.4,6.7,1.3
18,Domantas Sabonis,2018-19,22,IND,2.4,18,1,445,25.8,0.033,0.447,10.2,34.6,22.6,20.2,1.0,2.1,18.2,21.8,128,103,1.6,0.8,0.26,3.6,2.6,6.1,0.9
19,Jimmy Butler,2018-19,29,TOT,2.3,17,17,606,21.9,0.256,0.382,5.1,9.6,7.4,17.0,3.1,1.9,8.3,22.4,122,110,1.6,0.6,0.179,3.5,0.7,4.1,1.0
20,Paul George,2018-19,28,OKC,2.3,19,19,680,20.6,0.461,0.257,4.0,19.8,11.7,19.2,3.1,2.0,11.5,28.6,109,101,0.9,1.4,0.165,2.4,2.6,5.0,1.2
21,Khris Middleton,2018-19,27,MIL,2.3,19,19,589,19.3,0.519,0.263,1.7,15.4,9.0,18.7,2.0,0.4,13.1,23.6,119,106,1.4,0.9,0.19,3.8,0.3,4.1,0.9
22,Tobias Harris,2018-19,26,LAC,2.2,19,19,667,19.7,0.294,0.211,2.7,22.1,13.0,10.2,0.6,1.3,9.3,23.2,117,109,1.4,0.8,0.156,2.7,-0.1,2.6,0.8
23,DeMar DeRozan,2018-19,29,SAS,2.1,19,19,698,21.8,0.081,0.331,2.2,15.7,8.7,29.7,1.3,0.6,9.9,29.3,114,112,1.5,0.5,0.143,2.9,-0.4,2.5,0.8
24,Andre Drummond,2018-19,25,DET,2.1,17,17,573,24.4,0.057,0.356,18.8,33.4,25.6,7.9,1.9,4.4,11.8,25.2,112,102,0.9,1.1,0.172,0.0,2.5,2.5,0.6
25,Danilo Gallinari,2018-19,30,LAC,2.1,18,18,561,18.6,0.412,0.416,3.4,16.0,10.1,9.5,0.7,0.7,6.4,22.2,124,111,1.6,0.5,0.179,3.7,-1.2,2.5,0.6
26,Serge Ibaka,2018-19,29,TOR,2.1,20,12,531,22.0,0.197,0.209,10.4,20.7,15.9,6.9,1.2,4.2,11.7,24.5,117,104,1.2,0.9,0.187,1.3,1.2,2.5,0.6
27,Kawhi Leonard,2018-19,27,TOR,2.1,15,15,500,24.1,0.223,0.367,4.3,21.6,13.5,13.8,2.5,1.1,9.0,30.0,115,103,1.2,0.9,0.201,1.9,1.0,2.9,0.6
28,Jusuf Nurkic,2018-19,24,POR,2.1,20,20,509,24.5,0.088,0.433,16.1,24.9,20.7,13.1,1.4,3.6,14.3,24.8,118,105,1.3,0.8,0.199,2.3,2.6,4.9,0.9
29,Jarrett Allen,2018-19,20,BRK,2.0,19,19,521,21.0,0.096,0.471,11.2,21.8,16.3,8.5,1.0,4.6,10.0,17.1,127,109,1.4,0.6,0.183,1.1,2.2,3.3,0.7
30,Stephen Curry,2018-19,30,GSW,2.0,12,12,399,28.9,0.532,0.219,1.7,13.9,8.2,30.9,1.4,0.9,12.2,32.0,125,112,1.7,0.3,0.245,10.2,-2.3,7.9,1.0
31,DeAndre Jordan,2018-19,30,DAL,2.0,18,18,581,17.4,0.0,0.619,8.9,37.5,23.6,10.7,1.0,2.7,22.7,14.3,120,104,1.0,1.0,0.167,-1.2,3.3,2.1,0.6
32,Julius Randle,2018-19,24,NOP,2.0,20,4,531,23.4,0.151,0.508,10.0,25.3,17.6,16.4,1.2,1.6,13.6,25.6,120,111,1.5,0.5,0.179,3.2,0.2,3.3,0.7
33,Ben Simmons,2018-19,22,PHI,2.0,21,21,705,19.4,0.0,0.456,6.3,20.7,13.8,37.1,1.9,2.0,19.8,21.4,112,107,1.1,0.9,0.136,0.7,2.6,3.3,0.9
34,Jonas Valanciunas,2018-19,26,TOR,2.0,21,9,414,24.5,0.122,0.346,11.4,29.0,20.7,9.1,1.3,3.5,12.2,25.2,121,102,1.2,0.8,0.235,1.3,1.4,2.6,0.5
35,Malcolm Brogdon,2018-19,26,MIL,1.9,19,19,569,16.1,0.313,0.156,3.7,9.8,7.0,14.2,0.7,0.6,11.4,18.5,122,110,1.3,0.6,0.158,2.0,-0.6,1.4,0.5
36,Mike Conley,2018-19,31,MEM,1.9,19,19,637,19.7,0.404,0.345,1.6,9.7,5.6,34.3,1.6,0.6,9.5,28.2,112,109,1.2,0.7,0.144,3.6,-1.6,2.1,0.6
37,James Harden,2018-19,29,HOU,1.9,15,15,550,25.4,0.539,0.494,1.8,14.7,7.9,40.0,3.0,1.4,17.9,36.9,112,110,1.3,0.5,0.162,7.2,-0.1,7.1,1.3
38,Enes Kanter,2018-19,26,NYK,1.9,21,9,572,23.3,0.041,0.289,16.9,29.8,23.2,13.4,0.8,1.6,14.7,23.5,118,111,1.4,0.5,0.16,2.2,-0.2,2.0,0.6
39,JaVale McGee,2018-19,31,LAL,1.9,19,19,476,23.4,0.023,0.234,10.6,16.1,13.5,5.6,1.8,8.6,12.7,19.2,121,104,1.1,0.8,0.193,0.7,3.9,4.6,0.8
40,Paul Millsap,2018-19,33,DEN,1.9,20,20,529,19.0,0.241,0.403,8.1,19.5,13.8,10.2,2.4,4.1,12.1,20.6,114,102,0.8,1.1,0.17,0.6,3.1,3.7,0.8
41,Nikola Mirotic,2018-19,27,NOP,1.9,18,18,567,20.4,0.494,0.265,7.1,28.6,17.9,5.2,1.1,1.8,7.1,21.9,121,110,1.4,0.6,0.163,2.4,-1.7,0.7,0.4
42,Deandre Ayton,2018-19,20,PHO,1.8,19,19,613,20.8,0.009,0.21,8.8,28.1,18.5,15.0,0.9,1.9,13.8,20.8,119,112,1.4,0.4,0.143,1.4,0.8,2.2,0.6
43,Blake Griffin,2018-19,29,DET,1.8,17,17,617,20.8,0.335,0.394,5.1,25.6,14.7,24.1,1.0,1.3,15.8,29.1,110,108,1.0,0.8,0.138,2.9,1.1,4.0,0.9
44,Karl-Anthony Towns,2018-19,23,MIN,1.8,20,20,670,21.1,0.295,0.311,10.0,28.3,19.1,11.1,1.1,4.2,17.3,25.9,110,108,0.9,0.8,0.128,1.0,1.4,2.4,0.8
45,Bojan Bogdanovic,2018-19,29,IND,1.7,19,19,585,15.9,0.415,0.28,1.2,12.1,6.7,6.3,1.4,0.0,13.2,18.9,119,109,1.1,0.6,0.139,1.9,-1.4,0.5,0.4
46,Spencer Dinwiddie,2018-19,25,BRK,1.7,21,0,585,18.1,0.456,0.328,2.3,7.9,5.0,28.1,1.1,0.8,13.8,23.2,119,116,1.5,0.2,0.138,3.5,-2.5,1.0,0.4
47,Jerami Grant,2018-19,24,OKC,1.7,19,16,577,13.5,0.354,0.385,3.1,15.0,8.9,5.9,1.3,2.8,8.7,14.5,118,105,0.8,0.9,0.143,-1.3,2.0,0.7,0.4
48,Jayson Tatum,2018-19,20,BOS,1.7,20,20,635,15.6,0.332,0.263,4.3,17.5,10.8,10.3,1.4,1.5,9.9,22.1,108,104,0.6,1.1,0.125,-0.7,0.8,0.1,0.3
49,D.J. Augustin,2018-19,31,ORL,1.6,20,20,545,15.6,0.507,0.324,2.3,6.7,4.4,26.8,0.8,0.0,11.0,15.2,128,115,1.4,0.2,0.144,2.0,-2.8,-0.8,0.2
50,Derrick Favors,2018-19,27,UTA,1.6,19,18,439,20.9,0.15,0.407,15.2,18.8,17.0,6.7,1.9,5.1,12.2,18.5,120,106,1.0,0.7,0.176,1.5,2.6,4.1,0.7
51,Taj Gibson,2018-19,33,MIN,1.6,20,20,527,17.9,0.113,0.288,10.8,15.4,13.1,8.6,2.0,2.2,9.5,15.8,124,111,1.2,0.4,0.148,1.3,1.3,2.6,0.6
52,Gary Harris,2018-19,24,DEN,1.6,19,19,633,15.1,0.364,0.217,2.6,8.4,5.5,13.4,1.9,1.3,7.7,21.8,111,107,0.8,0.8,0.121,0.9,-0.2,0.7,0.4
53,Al Horford,2018-19,32,BOS,1.6,19,19,568,16.2,0.389,0.137,5.6,16.9,11.1,17.7,1.2,5.0,12.2,17.5,110,103,0.6,1.1,0.137,-0.4,3.8,3.4,0.8
54,CJ McCollum,2018-19,27,POR,1.6,20,20,673,17.2,0.345,0.167,3.6,7.8,5.8,11.5,1.1,0.6,7.8,25.6,113,113,1.2,0.4,0.114,2.2,-1.7,0.5,0.4
55,Josh Richardson,2018-19,25,MIA,1.6,19,19,663,16.2,0.408,0.235,2.5,9.2,5.8,15.3,1.5,1.6,10.2,23.9,112,111,1.0,0.6,0.115,2.0,-0.9,1.2,0.5
56,Cody Zeller,2018-19,26,CHO,1.6,19,19,468,16.6,0.056,0.304,8.3,15.9,12.1,12.1,1.4,2.4,12.4,14.7,127,109,1.1,0.5,0.167,1.3,1.2,2.4,0.5
57,Nemanja Bjelica,2018-19,30,SAC,1.5,20,20,491,17.2,0.421,0.17,4.5,18.6,11.5,11.6,2.1,2.3,14.5,16.8,119,109,0.9,0.6,0.142,2.2,1.4,3.6,0.7
58,Ed Davis,2018-19,29,BRK,1.5,21,1,357,19.8,0.0,0.4,19.8,30.5,25.0,7.0,1.2,1.5,13.0,13.7,134,108,1.1,0.4,0.203,1.1,0.7,1.8,0.3
59,Jaren Jackson,2018-19,19,MEM,1.5,19,17,481,19.1,0.232,0.314,5.9,15.0,10.4,10.2,2.1,7.9,12.5,23.0,109,101,0.5,1.0,0.148,-0.6,4.2,3.5,0.7
60,Monte Morris,2018-19,23,DEN,1.5,20,1,475,15.1,0.26,0.123,1.4,10.3,5.9,23.9,1.8,0.2,6.3,15.6,122,108,1.0,0.6,0.154,0.7,-0.5,0.2,0.3
61,Chris Paul,2018-19,33,HOU,1.5,15,15,520,19.7,0.427,0.289,1.9,14.6,8.0,37.0,3.2,0.8,16.8,24.3,113,110,1.0,0.5,0.135,2.7,0.1,2.8,0.6
62,Derrick Rose,2018-19,30,MIN,1.5,18,5,543,20.4,0.254,0.261,2.9,9.5,6.1,25.7,0.9,0.6,10.6,25.3,118,117,1.4,0.1,0.133,3.6,-2.6,1.1,0.4
63,Noah Vonleh,2018-19,23,NYK,1.5,21,14,529,16.2,0.295,0.459,8.2,27.3,17.5,9.8,1.3,3.4,14.6,13.6,121,109,0.9,0.6,0.133,0.1,1.8,1.9,0.5
64,Aaron Gordon,2018-19,23,ORL,1.4,19,19,620,17.4,0.328,0.227,6.2,18.8,12.3,12.6,1.5,2.3,11.1,22.2,110,109,0.7,0.7,0.108,0.8,1.0,1.8,0.6
65,Tim Hardaway,2018-19,26,NYK,1.4,20,20,667,18.1,0.459,0.341,1.4,9.7,5.5,14.5,1.4,0.3,9.1,29.0,112,116,1.2,0.2,0.101,3.5,-3.9,-0.4,0.3
66,Juan Hernangomez,2018-19,23,DEN,1.4,19,8,476,13.6,0.577,0.203,7.4,15.3,11.3,4.0,1.0,1.5,10.1,13.4,124,108,0.8,0.6,0.146,1.2,0.0,1.2,0.4
67,Jeremy Lamb,2018-19,26,CHO,1.4,19,19,510,17.4,0.355,0.245,3.4,17.8,10.6,10.0,2.3,1.2,6.9,21.8,114,108,0.8,0.6,0.134,1.1,-0.5,0.6,0.3
68,Kevon Looney,2018-19,22,GSW,1.4,21,2,387,16.5,0.025,0.463,14.3,15.4,14.9,12.1,0.7,3.9,15.0,12.6,133,111,1.1,0.4,0.176,1.8,1.4,3.3,0.5
69,Nerlens Noel,2018-19,24,OKC,1.4,18,1,243,23.0,0.0,0.367,16.2,22.9,19.4,5.2,3.1,8.0,10.3,12.9,136,95,0.7,0.7,0.271,0.1,6.4,6.5,0.5
70,J.J. Redick,2018-19,34,PHI,1.4,22,9,687,14.5,0.562,0.25,1.0,7.0,4.1,16.5,0.3,0.3,9.3,23.1,114,116,1.1,0.2,0.096,2.0,-4.0,-2.0,0.0
71,Hassan Whiteside,2018-19,29,MIA,1.4,18,18,487,21.3,0.062,0.456,15.8,38.0,26.9,4.0,0.9,8.9,12.4,22.7,105,99,0.3,1.1,0.135,-4.4,2.8,-1.6,0.0
72,Jrue Holiday,2018-19,28,NOP,1.3,20,20,724,18.1,0.283,0.259,3.2,9.5,6.3,35.7,2.1,1.6,16.9,25.0,109,113,0.9,0.5,0.089,2.0,-0.7,1.3,0.6
73,Damian Jones,2018-19,23,GSW,1.3,21,19,363,16.4,0.0,0.516,8.6,11.0,9.9,9.3,1.6,5.6,15.1,11.0,138,109,0.9,0.4,0.178,1.6,2.7,4.4,0.6
74,Brook Lopez,2018-19,30,MIL,1.3,19,19,516,12.6,0.747,0.109,1.5,11.2,6.7,5.2,0.6,5.3,9.0,16.1,113,106,0.5,0.8,0.12,0.7,1.6,2.3,0.6
75,E'Twaun Moore,2018-19,29,NOP,1.3,20,20,638,14.9,0.298,0.135,2.9,5.4,4.2,9.9,1.2,0.7,9.7,18.1,120,117,1.2,0.1,0.101,2.3,-1.9,0.4,0.4
76,Jamal Murray,2018-19,21,DEN,1.3,20,19,675,14.5,0.323,0.184,2.8,11.3,7.0,20.2,1.3,1.3,12.1,24.1,105,108,0.4,0.8,0.089,0.0,-0.3,-0.3,0.3
77,Victor Oladipo,2018-19,26,IND,1.3,16,16,518,20.6,0.375,0.225,1.8,21.6,11.8,23.9,2.4,1.5,10.1,30.6,105,104,0.4,0.9,0.118,2.1,1.0,3.1,0.7
78,Mason Plumlee,2018-19,28,DEN,1.3,20,0,340,19.4,0.032,0.511,12.2,19.5,15.9,16.5,3.3,4.5,19.0,17.8,113,99,0.5,0.8,0.178,0.7,5.3,6.0,0.7
79,Dwight Powell,2018-19,27,DAL,1.3,15,0,239,23.4,0.288,0.658,7.7,18.2,13.1,10.0,2.4,3.2,11.3,19.0,135,104,0.9,0.4,0.262,3.7,1.5,5.2,0.4
80,Tristan Thompson,2018-19,27,CLE,1.3,18,18,523,19.7,0.0,0.231,19.2,25.5,22.2,9.6,1.7,0.9,12.7,17.6,118,113,1.0,0.3,0.122,1.4,0.2,1.6,0.5
81,Bam Adebayo,2018-19,21,MIA,1.2,19,1,361,17.5,0.031,0.66,10.8,27.5,19.1,9.5,1.5,3.3,14.9,16.9,116,105,0.6,0.6,0.154,-1.7,2.4,0.7,0.2
82,Willie Cauley-Stein,2018-19,25,SAC,1.2,20,20,567,17.3,0.004,0.283,7.9,21.4,14.6,11.3,1.7,1.5,8.5,21.5,110,109,0.6,0.6,0.105,-0.7,0.6,-0.1,0.3
83,De'Aaron Fox,2018-19,21,SAC,1.2,20,20,651,17.3,0.241,0.444,1.7,11.1,6.4,31.9,1.7,1.3,17.5,24.0,109,112,0.8,0.5,0.09,1.1,-0.8,0.3,0.4
84,Danny Green,2018-19,31,TOR,1.2,21,21,593,10.8,0.732,0.03,3.2,10.1,6.9,5.5,1.8,1.9,13.1,13.6,111,107,0.5,0.8,0.1,1.1,1.5,2.6,0.7
85,Joe Harris,2018-19,27,BRK,1.2,21,21,614,13.2,0.544,0.146,2.7,10.0,6.3,11.2,0.9,0.4,12.4,17.3,118,116,1.0,0.2,0.094,1.8,-1.4,0.4,0.4
86,Justin Holiday,2018-19,29,CHI,1.2,20,20,707,12.4,0.723,0.075,1.2,12.3,6.8,10.1,2.2,1.1,8.3,14.8,110,111,0.6,0.6,0.079,0.9,0.6,1.5,0.6
87,Marcus Morris,2018-19,29,BOS,1.2,19,2,497,14.7,0.456,0.207,2.7,23.5,12.8,8.0,1.1,0.5,13.9,21.3,108,104,0.4,0.8,0.119,-0.9,-0.2,-1.1,0.1
88,Mitchell Robinson,2018-19,20,NYK,1.2,19,12,330,18.1,0.0,0.371,12.2,11.4,11.8,3.4,2.2,9.3,8.8,10.1,136,108,0.8,0.4,0.173,0.8,4.7,5.5,0.6
89,T.J. Warren,2018-19,25,PHO,1.2,18,11,526,18.6,0.291,0.209,2.8,13.2,8.0,7.8,1.5,2.2,7.3,23.0,116,114,1.0,0.3,0.114,1.6,-1.7,-0.1,0.3
90,Al-Farouq Aminu,2018-19,28,POR,1.1,20,20,589,10.4,0.58,0.238,4.6,23.0,14.2,1.8,1.6,1.2,8.7,12.3,109,107,0.3,0.8,0.091,-1.6,0.8,-0.8,0.2
91,Bradley Beal,2018-19,25,WAS,1.1,19,19,659,17.8,0.415,0.291,1.8,12.7,7.2,19.0,1.4,2.8,10.3,25.9,109,115,0.8,0.3,0.078,2.1,-1.2,0.9,0.5
92,Dorian Finney-Smith,2018-19,25,DAL,1.1,18,9,492,11.6,0.552,0.224,8.2,9.1,8.6,4.4,1.8,1.9,12.7,13.7,114,109,0.5,0.5,0.104,0.9,0.6,1.5,0.4
93,Gordon Hayward,2018-19,28,BOS,1.1,18,15,485,14.0,0.424,0.242,3.6,18.1,10.6,17.4,2.3,0.9,11.6,18.4,105,103,0.2,0.9,0.113,-1.2,2.1,0.9,0.4
94,Ersan Ilyasova,2018-19,31,MIL,1.1,18,1,378,12.5,0.439,0.196,8.5,18.9,14.0,7.6,1.1,0.9,11.4,14.4,119,106,0.6,0.5,0.144,0.5,0.7,1.1,0.3
95,Jonas Jerebko,2018-19,31,GSW,1.1,21,4,396,13.7,0.533,0.243,9.0,22.1,15.9,11.0,1.1,0.6,11.2,14.5,121,110,0.7,0.4,0.135,1.4,-0.6,0.8,0.3
96,Shelvin Mack,2018-19,28,MEM,1.1,19,0,479,14.3,0.363,0.26,1.4,9.2,5.3,22.3,2.1,0.4,12.9,17.9,111,108,0.5,0.6,0.113,-0.1,-0.5,-0.7,0.2
97,Rodney McGruder,2018-19,27,MIA,1.1,19,19,637,11.6,0.426,0.158,3.2,12.0,7.6,14.6,1.2,0.5,12.2,16.0,110,112,0.6,0.5,0.08,0.0,-0.1,-0.1,0.3
98,Otto Porter,2018-19,25,WAS,1.1,18,18,526,15.8,0.401,0.151,2.8,16.8,9.7,10.4,2.2,1.7,7.6,15.9,117,113,0.8,0.3,0.101,0.8,0.3,1.2,0.4
99,Dennis Schroder,2018-19,25,OKC,1.1,19,9,572,15.7,0.276,0.234,2.3,13.3,7.6,26.1,2.1,0.4,14.7,26.5,104,106,0.3,0.9,0.095,-0.7,0.3,-0.4,0.2
100,Garrett Temple,2018-19,32,MEM,1.1,19,19,618,10.0,0.497,0.274,1.3,10.9,6.0,5.6,1.7,0.8,11.1,14.7,107,108,0.3,0.8,0.085,-1.2,0.4,-0.8,0.2
101,Russell Westbrook,2018-19,30,OKC,1.1,11,11,364,22.9,0.234,0.339,3.3,27.0,14.8,47.3,3.0,0.5,15.2,32.9,105,100,0.3,0.8,0.145,3.4,4.2,7.6,0.9
102,Ryan Arcidiacono,2018-19,24,CHI,1.0,19,8,529,10.6,0.723,0.119,0.6,9.0,4.8,22.1,1.4,0.2,13.1,10.1,122,115,0.7,0.2,0.089,-0.2,-1.4,-1.6,0.1
103,Wendell Carter,2018-19,19,CHI,1.0,20,20,507,17.1,0.124,0.348,8.9,21.1,15.0,14.0,1.2,5.7,14.6,20.7,107,107,0.4,0.7,0.096,-2.0,3.0,1.0,0.4
104,Zach Collins,2018-19,21,POR,1.0,20,0,399,14.6,0.325,0.325,6.6,15.1,11.0,7.5,0.8,4.3,18.8,17.3,114,108,0.5,0.5,0.12,-0.2,1.9,1.7,0.4
105,Pat Connaughton,2018-19,26,MIL,1.0,16,0,279,16.4,0.578,0.144,6.7,18.3,12.9,11.9,1.2,3.3,6.8,15.2,123,105,0.6,0.5,0.177,1.8,1.9,3.7,0.4
106,Robert Covington,2018-19,28,TOT,1.0,19,19,652,11.3,0.658,0.163,1.7,13.8,7.9,4.5,3.1,3.4,11.6,14.4,101,106,0.0,0.9,0.072,-1.0,2.4,1.4,0.5
107,Jae Crowder,2018-19,28,UTA,1.0,20,2,584,12.4,0.613,0.297,2.5,17.3,9.8,8.2,1.2,1.4,5.1,18.7,108,110,0.4,0.6,0.081,0.1,-0.5,-0.4,0.2
108,Dante Cunningham,2018-19,31,SAS,1.0,19,16,432,11.2,0.452,0.137,6.2,15.7,10.7,7.3,1.5,1.5,11.4,8.7,127,111,0.6,0.4,0.113,0.2,1.6,1.8,0.4
109,Luka Doncic,2018-19,19,DAL,1.0,18,18,607,15.8,0.416,0.273,3.6,17.8,10.9,20.8,1.4,0.8,18.5,25.9,104,109,0.3,0.7,0.077,0.7,0.0,0.6,0.4
110,Langston Galloway,2018-19,27,DET,1.0,16,0,397,11.4,0.737,0.178,2.0,10.1,5.8,8.4,0.5,0.4,5.9,14.2,124,113,0.7,0.3,0.119,1.3,-1.6,-0.2,0.2
111,Rudy Gay,2018-19,32,SAS,1.0,15,12,418,18.0,0.222,0.199,5.4,24.7,14.6,12.1,1.4,1.9,12.7,22.0,111,109,0.5,0.5,0.115,0.2,0.7,0.9,0.3
112,Josh Hart,2018-19,23,LAL,1.0,19,3,473,12.6,0.633,0.216,1.8,13.4,7.8,6.0,2.2,2.0,11.1,15.0,112,108,0.4,0.6,0.1,0.3,0.6,0.9,0.3
113,Willy Hernangomez,2018-19,24,CHO,1.0,15,0,213,22.4,0.236,0.514,15.2,22.3,18.7,10.1,1.8,3.7,13.7,20.4,126,106,0.7,0.3,0.223,2.9,0.9,3.8,0.3
114,Buddy Hield,2018-19,25,SAC,1.0,20,20,621,16.2,0.375,0.133,3.6,14.7,9.1,12.6,0.8,1.3,13.1,24.4,108,113,0.6,0.4,0.077,1.5,-1.5,0.0,0.3
115,Rodney Hood,2018-19,26,CLE,1.0,18,18,501,14.1,0.265,0.214,1.5,9.3,5.2,11.3,1.3,0.4,5.7,19.6,118,118,0.9,0.1,0.093,0.7,-2.8,-2.0,0.0
116,Joe Ingles,2018-19,31,UTA,1.0,20,20,661,12.9,0.584,0.187,1.2,12.5,6.7,21.3,2.0,0.6,18.4,18.1,106,110,0.3,0.6,0.071,0.9,0.1,1.0,0.5
117,Cory Joseph,2018-19,27,IND,1.0,19,0,497,12.3,0.315,0.056,1.2,12.6,7.0,19.6,2.9,0.6,15.3,13.4,107,105,0.3,0.8,0.099,-1.1,1.5,0.4,0.3
118,Meyers Leonard,2018-19,26,POR,1.0,17,0,209,22.4,0.493,0.261,12.1,26.6,19.6,10.6,1.1,0.4,14.5,18.0,134,108,0.8,0.3,0.236,4.4,0.0,4.4,0.3
119,Wesley Matthews,2018-19,32,DAL,1.0,14,14,455,13.8,0.557,0.273,2.0,6.7,4.4,10.8,1.3,0.6,8.4,20.2,114,112,0.7,0.4,0.109,1.7,-2.1,-0.4,0.2
120,D'Angelo Russell,2018-19,22,BRK,1.0,21,21,588,18.8,0.408,0.152,1.8,13.9,7.6,33.3,2.0,0.9,12.0,29.4,107,112,0.6,0.4,0.085,2.6,-0.8,1.8,0.6
121,Iman Shumpert,2018-19,28,SAC,1.0,17,15,434,12.8,0.644,0.133,1.2,12.1,6.6,8.6,2.2,1.0,6.5,14.5,118,111,0.6,0.4,0.108,1.7,0.0,1.7,0.4
122,Marcus Smart,2018-19,24,BOS,1.0,20,0,464,11.5,0.596,0.375,2.9,9.5,6.1,22.8,2.7,1.9,20.4,14.2,106,103,0.2,0.8,0.109,-1.6,2.0,0.4,0.3
123,P.J. Tucker,2018-19,33,HOU,1.0,18,18,644,9.3,0.733,0.103,3.4,15.7,9.3,4.2,1.6,1.1,12.9,9.6,117,113,0.6,0.4,0.073,-0.5,0.6,0.1,0.3
124,LaMarcus Aldridge,2018-19,33,SAS,0.9,19,19,670,16.8,0.029,0.295,11.2,23.2,16.9,11.2,0.5,2.7,9.6,25.4,104,110,0.3,0.6,0.064,-2.5,0.4,-2.2,0.0
125,Kyle Anderson,2018-19,25,MEM,0.9,19,16,574,10.1,0.101,0.22,4.1,20.7,12.3,14.2,2.1,2.3,17.3,11.6,98,103,-0.1,1.0,0.075,-4.0,4.0,0.0,0.3
126,Mohamed Bamba,2018-19,20,ORL,0.9,20,0,342,16.0,0.315,0.144,7.6,21.1,14.1,9.9,0.9,6.4,9.9,16.7,112,107,0.4,0.5,0.119,-1.4,3.0,1.5,0.3
127,Nicolas Batum,2018-19,30,CHO,0.9,19,19,582,12.1,0.477,0.113,4.4,15.8,10.1,15.9,1.5,1.3,20.2,14.5,107,110,0.3,0.6,0.072,0.0,0.8,0.8,0.4
128,Aron Baynes,2018-19,32,BOS,0.9,17,4,244,16.2,0.418,0.329,12.1,20.2,16.0,13.2,0.6,3.7,10.8,18.0,117,104,0.5,0.4,0.173,-0.1,1.8,1.8,0.2
129,Davis Bertans,2018-19,26,SAS,0.9,17,2,272,16.0,0.747,0.177,2.6,14.6,8.3,9.0,1.1,1.8,8.6,14.8,131,112,0.7,0.2,0.157,3.0,-0.7,2.3,0.3
130,Miles Bridges,2018-19,20,CHO,0.9,18,0,375,13.7,0.4,0.16,3.2,18.4,10.8,6.2,1.4,2.8,9.3,13.4,118,109,0.5,0.4,0.118,-0.2,0.6,0.4,0.2
131,Michael Kidd-Gilchrist,2018-19,25,CHO,0.9,13,0,265,17.5,0.09,0.371,11.8,19.6,15.7,9.6,0.5,5.6,7.2,17.9,120,108,0.6,0.3,0.158,-0.2,1.4,1.2,0.2
132,Maxi Kleber,2018-19,27,DAL,0.9,18,0,335,14.5,0.582,0.209,6.9,15.3,11.2,4.7,1.1,6.6,10.0,14.1,115,106,0.4,0.5,0.128,-0.5,2.4,1.9,0.3
133,Caris LeVert,2018-19,24,BRK,0.9,14,14,416,18.8,0.299,0.299,3.5,12.2,7.7,20.8,2.0,0.9,11.5,26.6,111,113,0.6,0.3,0.104,1.7,-0.8,1.0,0.3
134,Jeremy Lin,2018-19,30,ATL,0.9,20,0,378,18.1,0.393,0.393,1.1,11.0,5.9,27.3,2.2,0.4,18.9,23.6,114,114,0.7,0.2,0.111,1.7,-2.3,-0.6,0.1
135,Boban Marjanovic,2018-19,30,LAC,0.9,15,3,161,28.4,0.015,0.631,13.9,28.1,21.4,8.3,1.2,6.6,13.5,25.3,125,102,0.6,0.3,0.268,2.1,2.4,4.5,0.3
136,Kelly Olynyk,2018-19,27,MIA,0.9,18,5,317,15.2,0.639,0.454,4.5,15.3,9.9,16.6,1.4,1.8,17.7,18.5,116,110,0.5,0.3,0.13,1.5,0.1,1.6,0.3
137,Landry Shamet,2018-19,21,PHI,0.9,22,2,466,10.5,0.755,0.158,1.0,5.0,3.1,7.2,1.1,0.5,5.7,14.3,119,114,0.6,0.2,0.091,1.0,-2.5,-1.5,0.1
138,Tony Snell,2018-19,27,MIL,0.9,19,0,308,11.8,0.621,0.138,1.8,8.4,5.4,6.5,1.1,1.1,6.1,13.2,124,109,0.5,0.3,0.134,1.1,-0.5,0.6,0.2
139,Marvin Williams,2018-19,32,CHO,0.9,19,19,469,11.9,0.612,0.129,3.7,17.5,10.6,5.1,1.5,3.0,6.4,14.2,109,109,0.3,0.5,0.087,-0.4,0.5,0.1,0.2
140,Thaddeus Young,2018-19,30,IND,0.9,19,19,535,12.7,0.121,0.162,7.8,13.9,10.9,7.0,2.3,1.2,10.6,17.2,102,106,0.1,0.8,0.078,-1.9,1.1,-0.8,0.2
141,Marvin Bagley,2018-19,19,SAC,0.8,20,0,479,16.9,0.116,0.455,11.0,17.4,14.2,5.0,0.9,4.5,14.7,22.9,106,111,0.3,0.4,0.078,-1.8,0.0,-1.9,0.0
142,J.J. Barea,2018-19,34,DAL,0.8,17,0,338,17.8,0.31,0.216,2.4,10.6,6.6,48.7,1.4,0.3,12.6,27.1,109,111,0.5,0.3,0.11,2.0,-2.5,-0.5,0.1
143,Kent Bazemore,2018-19,29,ATL,0.8,20,19,525,15.4,0.382,0.256,2.5,13.8,8.0,11.7,2.7,2.9,13.8,20.9,105,110,0.2,0.5,0.069,-0.7,0.8,0.1,0.3
144,Jordan Bell,2018-19,24,GSW,0.8,20,1,235,14.9,0.03,0.515,5.4,17.1,11.6,12.5,2.5,6.5,14.7,8.7,130,105,0.4,0.4,0.16,-0.7,4.8,4.1,0.4
145,Patrick Beverley,2018-19,30,LAC,0.8,19,16,488,9.8,0.559,0.181,3.7,12.5,8.4,21.5,1.3,0.8,13.3,13.7,108,111,0.3,0.4,0.077,0.8,0.7,1.5,0.4
146,Reggie Bullock,2018-19,27,DET,0.8,14,14,414,11.0,0.562,0.2,1.7,6.4,3.9,12.1,1.2,0.4,7.8,15.4,114,112,0.5,0.3,0.093,0.2,-1.2,-1.0,0.1
147,Darren Collison,2018-19,31,IND,0.8,19,19,513,12.2,0.26,0.208,1.8,7.1,4.5,21.3,2.5,0.5,13.4,16.8,105,108,0.2,0.6,0.079,-1.4,-0.3,-1.7,0.0
148,Quinn Cook,2018-19,25,GSW,0.8,18,6,362,15.3,0.45,0.079,1.9,12.8,7.7,17.1,0.9,0.2,11.3,21.0,114,114,0.6,0.2,0.102,1.7,-2.8,-1.1,0.1
149,Bryn Forbes,2018-19,25,SAS,0.8,19,19,544,12.1,0.48,0.114,0.8,6.5,3.5,11.3,1.4,0.0,9.4,18.6,111,114,0.6,0.3,0.075,1.3,-2.2,-0.9,0.1
150,Marcin Gortat,2018-19,34,LAC,0.8,16,16,275,14.6,0.0,0.344,9.7,25.0,17.9,12.1,0.3,2.2,17.8,13.8,119,108,0.5,0.3,0.141,-0.2,1.9,1.7,0.3
151,Jeff Green,2018-19,32,WAS,0.8,19,1,462,15.0,0.367,0.247,6.9,17.0,11.8,8.0,1.3,2.0,13.5,17.5,113,115,0.6,0.2,0.083,0.0,-0.7,-0.8,0.1
152,Reggie Jackson,2018-19,28,DET,0.8,17,17,495,13.2,0.493,0.314,2.2,7.9,4.9,22.5,1.1,0.2,11.5,24.8,107,112,0.5,0.4,0.079,0.9,-2.5,-1.6,0.1
153,Kyle Kuzma,2018-19,23,LAL,0.8,19,17,578,13.9,0.356,0.169,2.2,13.8,8.2,6.8,1.0,1.5,8.3,22.4,106,111,0.3,0.5,0.068,-1.1,-1.7,-2.8,-0.1
154,Doug McDermott,2018-19,27,IND,0.8,19,0,318,10.8,0.679,0.218,1.1,5.4,3.3,6.0,1.2,0.6,6.6,12.7,123,111,0.5,0.3,0.117,0.8,-1.7,-0.9,0.1
155,Patty Mills,2018-19,30,SAS,0.8,19,0,496,12.2,0.533,0.191,1.2,11.6,6.2,13.2,1.4,0.8,10.8,16.1,111,113,0.5,0.3,0.079,0.5,-0.6,-0.1,0.2
156,Larry Nance,2018-19,26,CLE,0.8,16,4,342,17.3,0.105,0.326,9.1,26.1,17.1,17.3,3.2,2.6,14.9,16.1,112,108,0.4,0.4,0.112,-0.1,3.2,3.1,0.4
157,Jeff Teague,2018-19,30,MIN,0.8,14,14,437,15.2,0.306,0.381,0.7,7.5,4.1,35.0,1.8,0.6,15.3,19.4,112,115,0.6,0.2,0.085,0.1,-2.6,-2.5,-0.1
158,Myles Turner,2018-19,22,IND,0.8,18,18,482,14.2,0.17,0.257,5.6,17.5,11.6,7.8,0.7,9.2,13.6,20.2,99,103,-0.1,0.9,0.075,-3.9,4.0,0.1,0.3
159,Fred VanVleet,2018-19,24,TOR,0.8,17,2,415,12.4,0.459,0.162,2.2,7.7,5.1,24.0,1.4,0.6,12.7,18.5,109,110,0.4,0.4,0.091,-0.1,-1.0,-1.1,0.1
160,John Wall,2018-19,28,WAS,0.8,19,19,664,19.1,0.294,0.353,1.8,9.3,5.5,37.3,2.5,2.7,15.1,28.1,105,114,0.5,0.4,0.061,1.7,-0.7,1.0,0.5
161,Lonzo Ball,2018-19,21,LAL,0.7,19,17,514,11.6,0.503,0.093,3.6,17.4,10.7,21.8,1.8,0.6,18.2,15.4,103,109,0.1,0.6,0.064,-0.9,0.8,-0.1,0.2
162,Harrison Barnes,2018-19,26,DAL,0.7,14,14,442,13.4,0.399,0.321,2.1,14.0,8.2,6.4,1.3,0.6,8.7,23.3,106,110,0.3,0.4,0.079,-1.1,-2.0,-3.1,-0.1
163,Trey Burke,2018-19,26,NYK,0.7,18,5,402,18.2,0.271,0.205,3.3,7.8,5.5,26.4,1.4,0.4,9.5,26.4,111,116,0.6,0.1,0.085,2.3,-3.5,-1.2,0.1
164,Jordan Clarkson,2018-19,26,CLE,0.7,18,0,439,18.4,0.308,0.152,5.4,9.8,7.4,15.0,1.2,0.8,10.4,29.2,109,117,0.6,0.1,0.071,2.0,-3.7,-1.7,0.0
165,Hamidou Diallo,2018-19,20,OKC,0.7,16,2,233,15.2,0.181,0.301,8.2,11.5,9.8,4.9,2.8,1.4,6.9,17.5,115,104,0.3,0.4,0.15,-1.7,1.0,-0.7,0.1
166,James Ennis,2018-19,28,HOU,0.7,15,15,384,10.9,0.618,0.27,4.3,6.3,5.2,3.9,2.0,1.3,9.1,12.6,121,115,0.5,0.2,0.09,0.4,-0.6,-0.2,0.2
167,Pau Gasol,2018-19,38,SAS,0.7,9,0,157,21.4,0.163,0.419,7.2,31.7,18.9,27.4,0.3,4.6,12.1,15.9,129,107,0.5,0.2,0.206,1.3,3.1,4.4,0.3
168,George Hill,2018-19,32,CLE,0.7,10,10,265,17.1,0.278,0.178,3.2,4.9,4.0,17.8,1.9,0.3,14.2,18.4,123,117,0.6,0.0,0.124,2.7,-2.8,-0.1,0.1
169,Andre Iguodala,2018-19,35,GSW,0.7,19,6,428,10.5,0.417,0.306,3.5,10.8,7.4,16.5,1.5,2.2,18.9,10.2,113,112,0.4,0.3,0.078,-0.8,0.7,0.0,0.2
170,Tomas Satoransky,2018-19,27,WAS,0.7,19,0,262,15.8,0.299,0.358,4.5,10.1,7.2,22.7,2.2,1.6,11.4,14.1,125,115,0.6,0.1,0.127,0.7,-0.8,0.0,0.1
171,Mike Scott,2018-19,30,LAC,0.7,19,0,290,12.3,0.654,0.025,1.9,18.7,10.8,9.1,1.5,1.0,10.9,13.4,117,108,0.4,0.4,0.119,1.5,0.8,2.2,0.3
172,Allonzo Trier,2018-19,23,NYK,0.7,21,3,498,14.5,0.219,0.408,2.9,10.2,6.5,10.4,1.1,1.7,16.0,20.0,111,116,0.6,0.2,0.071,-0.3,-1.6,-2.0,0.0
173,Lou Williams,2018-19,32,LAC,0.7,19,0,498,17.7,0.262,0.369,2.0,7.7,5.0,26.3,1.1,0.3,11.4,31.4,106,113,0.4,0.3,0.072,0.9,-2.6,-1.7,0.0
174,OG Anunoby,2018-19,21,TOR,0.6,15,3,332,10.9,0.5,0.1,3.4,8.1,5.9,3.6,1.6,1.2,6.7,17.1,108,109,0.2,0.4,0.085,-0.1,-0.6,-0.7,0.1
175,Malik Beasley,2018-19,22,DEN,0.6,20,0,346,10.0,0.517,0.033,1.3,12.9,7.1,6.9,1.0,0.5,9.0,16.5,106,109,0.2,0.4,0.077,-1.3,-1.2,-2.5,0.0
176,Omri Casspi,2018-19,30,MEM,0.6,13,0,146,19.5,0.267,0.533,3.1,22.3,12.6,12.7,2.1,1.3,6.7,18.7,122,104,0.3,0.3,0.192,0.3,0.7,1.0,0.1
177,Wayne Ellington,2018-19,31,MIA,0.6,12,6,300,12.2,0.86,0.1,0.7,6.9,3.8,9.8,2.2,0.8,8.7,15.8,115,111,0.4,0.3,0.103,1.6,-0.9,0.7,0.2
178,Shai Gilgeous-Alexander,2018-19,20,LAC,0.6,19,10,526,12.1,0.181,0.344,3.2,8.6,6.1,14.6,1.6,1.9,16.7,17.8,104,110,0.1,0.5,0.059,-0.8,1.1,0.3,0.3
179,John Henson,2018-19,28,MIL,0.6,14,0,188,17.4,0.463,0.149,9.4,28.2,19.5,9.7,1.7,4.9,14.4,18.4,109,100,0.2,0.4,0.152,-0.7,3.3,2.6,0.2
180,Dwight Howard,2018-19,33,WAS,0.6,9,9,230,17.9,0.0,0.696,11.1,28.3,19.5,2.7,1.4,1.4,15.1,19.4,116,112,0.4,0.2,0.122,-2.2,-2.3,-4.5,-0.1
181,Justin Jackson,2018-19,23,SAC,0.6,19,2,397,10.5,0.5,0.189,2.0,11.9,6.9,9.2,1.2,0.7,4.2,12.4,115,114,0.4,0.2,0.074,-0.4,-0.7,-1.0,0.1
182,Tyler Johnson,2018-19,26,MIA,0.6,16,0,435,12.4,0.442,0.247,2.4,10.0,6.2,13.4,1.8,1.8,12.8,18.6,105,110,0.2,0.4,0.069,-0.7,0.2,-0.5,0.2
183,Jake Layman,2018-19,24,POR,0.6,19,19,300,11.5,0.513,0.079,4.2,10.4,7.4,3.2,1.6,1.8,13.2,12.6,113,110,0.3,0.3,0.089,-0.3,0.7,0.5,0.2
184,Trey Lyles,2018-19,23,DEN,0.6,20,0,408,14.3,0.346,0.285,3.8,20.2,12.0,11.6,1.2,1.3,14.1,24.5,102,106,0.0,0.6,0.076,-1.7,-0.4,-2.1,0.0
185,Alfonzo McKinnie,2018-19,26,GSW,0.6,16,0,251,13.5,0.408,0.171,8.7,17.2,13.2,4.3,0.6,1.0,7.9,15.3,122,113,0.5,0.2,0.12,0.8,-2.5,-1.8,0.0
186,Emmanuel Mudiay,2018-19,22,NYK,0.6,14,7,300,17.9,0.3,0.292,3.4,11.5,7.4,17.5,2.4,2.3,14.0,22.0,111,112,0.4,0.2,0.098,1.2,-0.4,0.8,0.2
187,Mike Muscala,2018-19,27,PHI,0.6,16,1,366,9.5,0.772,0.413,5.2,13.4,9.5,7.9,0.8,1.3,13.5,14.5,110,112,0.3,0.3,0.075,-0.4,-1.0,-1.3,0.1
188,Jakob Poeltl,2018-19,23,SAS,0.6,15,3,170,18.8,0.0,0.711,21.2,16.7,19.0,9.0,1.2,3.3,16.7,15.2,123,110,0.4,0.2,0.164,1.0,1.5,2.4,0.2
189,Terry Rozier,2018-19,24,BOS,0.6,20,1,451,10.1,0.441,0.149,1.6,17.1,9.1,13.6,1.5,1.0,7.0,17.7,98,105,-0.1,0.7,0.065,-3.2,0.9,-2.3,0.0
190,Ricky Rubio,2018-19,28,UTA,0.6,20,20,590,13.2,0.389,0.312,1.1,12.1,6.5,33.8,2.6,0.7,19.5,22.9,100,109,-0.1,0.7,0.049,-0.6,-0.1,-0.7,0.2
191,Nik Stauskas,2018-19,25,POR,0.6,20,0,341,12.2,0.543,0.147,1.8,9.1,5.6,14.5,1.0,0.7,13.3,17.5,111,113,0.3,0.2,0.08,0.2,-1.1,-0.9,0.1
192,Klay Thompson,2018-19,28,GSW,0.6,21,21,714,15.3,0.4,0.123,1.5,9.9,5.9,8.2,1.4,1.4,8.8,29.0,102,113,0.1,0.5,0.04,-0.7,-3.3,-4.0,-0.4
193,Evan Turner,2018-19,30,POR,0.6,20,0,522,11.5,0.161,0.186,1.8,16.8,9.6,22.4,1.5,0.9,17.9,17.0,101,109,0.0,0.6,0.053,-2.2,1.6,-0.6,0.2
194,Delon Wright,2018-19,26,TOR,0.6,16,0,264,13.3,0.357,0.155,5.1,9.1,7.2,11.3,1.6,1.8,13.5,16.6,112,108,0.3,0.3,0.111,-0.2,0.7,0.5,0.2
195,Devin Booker,2018-19,22,PHO,0.5,16,16,582,17.6,0.401,0.268,1.6,10.0,5.8,34.5,1.5,0.1,16.3,32.0,104,116,0.4,0.1,0.041,3.0,-3.1,-0.1,0.3
196,Mikal Bridges,2018-19,22,PHO,0.5,19,5,406,11.3,0.532,0.211,2.0,9.0,5.5,6.8,3.0,1.2,11.8,14.6,108,113,0.2,0.3,0.06,-0.3,0.0,-0.3,0.2
197,Kentavious Caldwell-Pope,2018-19,25,LAL,0.5,19,3,394,10.4,0.528,0.301,2.5,9.0,5.8,3.5,2.0,0.8,8.5,16.0,107,111,0.2,0.3,0.067,-1.3,-1.2,-2.5,-0.1
198,Gary Clark,2018-19,24,HOU,0.5,17,0,296,9.9,0.921,0.095,4.1,16.3,9.9,3.8,1.0,4.6,1.5,10.0,115,112,0.2,0.2,0.076,-1.8,0.8,-1.0,0.1
199,Cheick Diallo,2018-19,22,NOP,0.5,14,0,144,19.6,0.0,0.4,11.5,28.9,20.2,5.5,1.3,6.1,10.2,16.5,122,107,0.3,0.2,0.166,-1.8,1.8,0.1,0.1
200,Draymond Green,2018-19,28,GSW,0.5,13,13,396,12.6,0.333,0.222,3.2,22.6,13.5,29.4,2.9,2.1,32.6,14.4,99,105,-0.1,0.6,0.064,-2.1,3.3,1.2,0.3
201,Richaun Holmes,2018-19,25,PHO,0.5,18,0,213,17.9,0.0,0.393,15.0,23.6,19.3,4.5,1.6,6.3,19.2,18.3,111,108,0.2,0.3,0.11,-2.2,1.4,-0.7,0.1
202,Jonathan Isaac,2018-19,21,ORL,0.5,14,8,298,13.5,0.319,0.287,6.6,20.5,13.3,4.3,1.5,4.5,7.8,16.8,105,107,0.1,0.4,0.086,-3.2,1.5,-1.7,0.0
203,Amir Johnson,2018-19,31,PHI,0.5,21,0,215,14.4,0.164,0.377,9.3,22.3,16.1,20.4,0.7,2.5,26.0,18.9,109,109,0.2,0.2,0.103,-1.5,0.9,-0.6,0.1
204,Zach LaVine,2018-19,23,CHI,0.5,19,19,686,17.8,0.283,0.362,1.1,14.4,7.8,22.3,1.4,1.4,14.2,32.7,101,112,0.0,0.5,0.033,0.2,-1.2,-1.0,0.2
205,Markieff Morris,2018-19,29,WAS,0.5,18,15,458,12.4,0.455,0.237,4.2,15.9,9.9,10.7,1.1,2.3,11.3,17.8,108,115,0.3,0.2,0.053,-0.7,-0.7,-1.4,0.1
206,Shabazz Napier,2018-19,27,BRK,0.5,17,0,255,14.9,0.416,0.356,2.4,8.2,5.2,15.1,1.9,1.2,10.7,21.7,111,114,0.3,0.1,0.089,-0.1,-1.6,-1.7,0.0
207,Zaza Pachulia,2018-19,34,DET,0.5,17,0,205,14.2,0.0,0.75,14.2,21.8,17.8,12.6,2.6,1.3,15.8,16.7,109,105,0.2,0.3,0.122,-2.2,2.6,0.3,0.1
208,Tony Parker,2018-19,36,CHO,0.5,16,0,298,15.8,0.129,0.258,1.1,9.4,5.3,33.6,0.6,0.6,10.9,23.5,109,114,0.4,0.1,0.083,-0.6,-3.6,-4.2,-0.2
209,Miles Plumlee,2018-19,30,ATL,0.5,12,0,134,21.2,0.0,0.5,11.5,14.3,12.8,15.8,1.7,1.9,12.5,17.1,129,113,0.4,0.1,0.171,1.7,0.1,1.7,0.1
210,Glenn Robinson,2018-19,25,DET,0.5,16,9,267,10.7,0.387,0.32,0.8,9.4,4.8,3.8,0.9,1.3,9.5,14.7,114,111,0.3,0.2,0.091,-2.0,-1.0,-3.0,-0.1
211,Rajon Rondo,2018-19,32,LAL,0.5,11,2,278,13.9,0.239,0.091,3.9,14.5,9.4,33.6,2.2,0.0,21.5,17.3,106,109,0.2,0.3,0.078,-1.0,-0.1,-1.1,0.1
212,Terrence Ross,2018-19,27,ORL,0.5,20,0,495,13.9,0.504,0.093,0.8,12.3,6.4,10.8,1.7,1.7,11.6,23.4,102,110,0.1,0.5,0.052,-0.1,-0.9,-1.0,0.1
213,Ish Smith,2018-19,30,DET,0.5,17,0,433,10.1,0.388,0.055,0.2,9.0,4.3,18.9,1.0,1.0,9.1,17.9,105,111,0.2,0.4,0.059,-1.6,-1.4,-3.0,-0.1
214,Lance Stephenson,2018-19,28,LAL,0.5,19,0,310,15.5,0.39,0.128,4.2,17.6,11.1,16.6,2.3,0.5,13.9,23.0,105,108,0.2,0.4,0.084,-0.2,-0.4,-0.6,0.1
215,Alex Abrines,2018-19,25,OKC,0.4,16,0,318,6.5,0.767,0.1,0.6,7.1,3.8,4.9,1.6,1.1,7.8,13.0,102,108,0.0,0.4,0.065,-2.6,0.1,-2.5,0.0
216,Trevor Ariza,2018-19,33,PHO,0.4,17,17,591,10.1,0.655,0.228,1.4,16.8,9.1,13.9,1.5,1.0,14.0,13.8,104,114,0.2,0.3,0.036,-0.7,0.2,-0.5,0.2
217,Marco Belinelli,2018-19,32,SAS,0.4,19,0,423,11.1,0.494,0.221,1.0,8.0,4.3,12.4,1.4,0.6,6.4,20.6,104,113,0.1,0.2,0.045,-0.6,-2.3,-2.9,-0.1
218,Bogdan Bogdanovic,2018-19,26,SAC,0.4,9,1,224,14.7,0.481,0.142,1.4,10.1,5.7,15.8,1.0,0.0,8.2,22.6,111,115,0.3,0.1,0.081,1.6,-3.2,-1.7,0.0
219,Alec Burks,2018-19,27,UTA,0.4,16,0,253,13.9,0.364,0.355,0.9,10.4,5.6,12.2,1.1,1.3,10.2,23.5,107,112,0.2,0.2,0.077,-1.0,-2.2,-3.3,-0.1
220,Tyson Chandler,2018-19,36,TOT,0.4,16,0,272,9.0,0.0,0.813,12.1,26.4,19.3,4.8,1.0,1.4,30.4,9.7,105,109,0.1,0.3,0.067,-3.8,0.7,-3.1,-0.1
221,Wilson Chandler,2018-19,31,PHI,0.4,11,7,252,8.9,0.458,0.083,5.3,13.4,9.5,10.0,0.6,0.3,16.7,10.0,117,113,0.2,0.2,0.076,-1.0,-0.6,-1.6,0.0
222,Dewayne Dedmon,2018-19,29,ATL,0.4,14,3,301,12.5,0.316,0.194,4.8,27.5,15.9,4.4,1.1,5.6,10.9,16.3,102,108,0.0,0.4,0.062,-4.7,1.3,-3.4,-0.1
223,Gorgui Dieng,2018-19,29,MIN,0.4,20,0,276,13.9,0.179,0.305,7.1,26.0,16.4,9.5,1.9,3.6,13.6,18.9,102,107,0.0,0.4,0.068,-3.8,1.7,-2.1,0.0
224,Donte DiVincenzo,2018-19,22,MIL,0.4,14,0,254,9.9,0.638,0.138,3.1,13.7,8.7,10.3,0.7,0.7,11.5,15.6,107,109,0.2,0.3,0.084,-0.7,-0.6,-1.3,0.0
225,Damyean Dotson,2018-19,24,NYK,0.4,15,9,403,11.1,0.431,0.076,3.1,15.0,8.9,5.9,1.6,0.4,6.9,16.7,106,114,0.2,0.2,0.045,-0.8,-1.7,-2.5,-0.1
226,Goran Dragic,2018-19,32,MIA,0.4,12,12,369,13.5,0.373,0.301,2.2,9.0,5.6,24.5,0.9,0.9,13.8,24.5,105,113,0.2,0.2,0.057,0.0,-2.1,-2.1,0.0
227,Evan Fournier,2018-19,26,ORL,0.4,20,20,595,13.3,0.443,0.149,1.0,9.3,5.1,21.9,2.0,0.6,10.5,25.1,100,111,-0.1,0.5,0.034,-0.2,-1.4,-1.6,0.1
228,Stanley Johnson,2018-19,22,DET,0.4,16,7,379,10.2,0.523,0.129,3.2,16.0,9.2,8.1,2.4,0.5,14.2,17.8,98,107,-0.1,0.5,0.047,-2.1,0.6,-1.5,0.0
229,Wesley Johnson,2018-19,31,NOP,0.4,14,11,280,9.0,0.59,0.098,3.7,12.6,8.2,6.5,1.3,1.4,13.6,10.6,114,114,0.2,0.2,0.065,-0.3,0.0,-0.3,0.1
230,Alex Len,2018-19,25,ATL,0.4,19,17,406,14.1,0.247,0.353,9.1,18.3,13.6,7.7,0.8,4.0,16.4,21.0,103,113,0.1,0.3,0.045,-2.6,-0.2,-2.8,-0.1
231,Shaun Livingston,2018-19,33,GSW,0.4,12,0,194,13.7,0.0,0.228,7.1,7.4,7.3,15.0,1.7,2.6,10.0,15.5,115,112,0.3,0.2,0.102,-1.1,0.0,-1.1,0.0
232,T.J. McConnell,2018-19,26,PHI,0.4,16,0,232,11.4,0.13,0.111,1.4,9.7,5.7,23.5,2.0,1.3,19.8,12.8,109,110,0.1,0.2,0.077,-2.9,-0.4,-3.3,-0.1
233,Donovan Mitchell,2018-19,22,UTA,0.4,17,17,552,15.3,0.363,0.228,1.2,7.9,4.5,20.5,2.5,1.1,10.9,30.1,99,110,-0.1,0.6,0.036,0.1,-1.4,-1.3,0.1
234,David Nwaba,2018-19,26,CLE,0.4,14,3,243,12.7,0.333,0.561,3.1,15.2,8.8,5.2,2.0,2.2,5.7,15.5,113,113,0.3,0.1,0.08,-1.4,-0.7,-2.0,0.0
235,Kelly Oubre,2018-19,23,WAS,0.4,19,4,471,13.1,0.455,0.304,2.7,16.7,9.5,5.1,1.7,2.3,8.8,21.2,103,114,0.1,0.3,0.04,-1.7,-1.7,-3.4,-0.2
236,Patrick Patterson,2018-19,29,OKC,0.4,19,3,305,8.0,0.63,0.196,5.6,13.7,9.5,3.4,0.8,1.1,6.5,14.2,102,108,0.0,0.4,0.063,-3.4,-0.7,-4.1,-0.2
237,Dario Saric,2018-19,24,TOT,0.4,19,13,540,10.1,0.511,0.226,7.0,16.6,12.0,9.1,0.9,0.6,14.6,18.7,101,112,0.0,0.4,0.036,-1.7,-1.2,-2.9,-0.1
238,Omari Spellman,2018-19,21,ATL,0.4,18,8,335,12.5,0.455,0.164,10.1,16.8,13.4,9.0,1.5,2.8,8.5,15.8,105,112,0.1,0.2,0.055,-1.7,0.3,-1.4,0.1
239,Anthony Tolliver,2018-19,33,MIN,0.4,15,0,267,9.5,0.897,0.207,2.7,12.6,7.6,5.6,1.1,2.5,13.6,11.5,113,114,0.2,0.1,0.064,-0.4,-0.1,-0.5,0.1
240,Troy Williams,2018-19,24,SAC,0.4,10,0,150,13.6,0.5,0.14,2.0,15.8,8.9,4.5,1.2,2.3,5.3,15.4,119,111,0.2,0.1,0.113,0.2,-1.0,-0.7,0.0
241,Carmelo Anthony,2018-19,34,HOU,0.3,10,2,294,11.5,0.529,0.182,3.4,18.4,10.6,2.8,0.7,2.0,5.8,20.9,104,114,0.1,0.2,0.042,-2.6,-3.1,-5.7,-0.3
242,Dwayne Bacon,2018-19,23,CHO,0.3,12,0,170,13.2,0.281,0.188,1.3,14.6,7.9,8.6,0.8,0.0,9.2,19.1,114,113,0.2,0.1,0.096,-0.7,-3.0,-3.7,-0.1
243,Will Barton,2018-19,28,DEN,0.3,2,2,54,22.7,0.429,0.19,0.0,20.1,10.1,17.3,0.9,3.4,11.6,20.4,132,105,0.2,0.1,0.242,3.4,0.5,3.9,0.1
244,Thomas Bryant,2018-19,21,WAS,0.3,9,3,85,21.3,0.29,0.323,11.3,19.5,15.3,12.9,0.6,4.9,10.2,19.5,123,114,0.2,0.0,0.154,1.5,-0.1,1.4,0.1
245,Vince Carter,2018-19,42,ATL,0.3,19,8,340,10.3,0.624,0.128,1.8,12.8,7.2,7.3,1.6,1.5,8.2,16.3,104,114,0.1,0.2,0.039,-1.7,-1.3,-3.1,-0.1
246,John Collins,2018-19,21,ATL,0.3,5,3,120,19.6,0.163,0.306,7.7,17.7,12.6,22.1,0.0,1.4,17.8,23.1,118,116,0.3,0.0,0.121,1.5,-1.8,-0.3,0.1
247,Sam Dekker,2018-19,24,CLE,0.3,9,5,169,14.4,0.271,0.208,5.7,16.9,11.0,7.6,3.2,0.0,8.7,14.6,116,112,0.2,0.1,0.098,-0.1,-0.1,-0.3,0.1
248,Tyreke Evans,2018-19,29,IND,0.3,18,3,374,13.6,0.385,0.209,3.4,12.5,8.0,18.3,2.5,2.0,12.0,26.7,96,105,-0.3,0.6,0.037,-1.7,0.0,-1.7,0.0
249,Cristiano Felicio,2018-19,26,CHI,0.3,16,0,217,10.9,0.025,0.4,8.4,21.5,15.0,6.8,0.4,0.8,20.3,11.9,112,112,0.2,0.2,0.075,-3.9,-0.4,-4.3,-0.1
250,Yogi Ferrell,2018-19,25,SAC,0.3,12,2,178,11.5,0.436,0.273,1.1,10.4,5.7,7.9,1.8,0.5,8.9,15.7,112,113,0.2,0.1,0.077,-0.8,-1.3,-2.2,0.0
251,Markelle Fultz,2018-19,20,PHI,0.3,19,15,427,10.7,0.09,0.239,6.8,10.5,8.7,20.7,1.9,0.9,12.7,19.4,99,111,-0.1,0.4,0.033,-2.9,-0.1,-3.0,-0.1
252,Jerian Grant,2018-19,26,ORL,0.3,20,0,387,10.0,0.461,0.124,2.4,8.6,5.4,24.5,2.9,0.4,23.0,13.7,98,110,-0.1,0.4,0.037,-2.8,0.2,-2.6,-0.1
253,Devin Harris,2018-19,35,DAL,0.3,8,0,120,14.5,0.585,0.439,0.0,15.4,7.9,12.3,4.4,1.4,12.5,19.9,104,102,0.0,0.2,0.111,-0.6,1.6,1.0,0.1
254,Shaquille Harrison,2018-19,25,CHI,0.3,11,0,186,16.0,0.234,0.469,3.5,18.8,11.2,21.5,5.4,0.5,10.4,20.2,98,102,-0.1,0.4,0.075,-1.9,3.2,1.2,0.2
255,Rondae Hollis-Jefferson,2018-19,24,BRK,0.3,17,2,367,13.8,0.101,0.376,7.6,20.4,13.8,10.6,1.7,2.1,9.9,22.3,100,110,-0.1,0.4,0.041,-3.8,0.6,-3.3,-0.1
256,Furkan Korkmaz,2018-19,21,PHI,0.3,14,0,144,11.7,0.571,0.143,3.9,15.6,10.0,12.3,2.3,0.0,7.1,16.4,108,109,0.1,0.2,0.084,-0.8,-0.9,-1.7,0.0
257,Kosta Koufos,2018-19,29,SAC,0.3,7,0,98,15.5,0.0,0.0,8.3,31.5,19.8,9.3,3.3,2.6,10.0,12.6,112,102,0.1,0.2,0.134,-2.3,3.7,1.5,0.1
258,Ian Mahinmi,2018-19,32,WAS,0.3,11,6,161,12.1,0.192,1.385,11.9,16.5,14.1,4.0,1.8,2.6,14.3,12.8,118,113,0.2,0.1,0.099,-1.7,-0.1,-1.8,0.0
259,Thon Maker,2018-19,21,MIL,0.3,11,0,135,13.6,0.636,0.109,5.7,20.0,13.4,6.8,0.7,4.3,6.5,18.9,108,104,0.1,0.2,0.114,-0.7,0.4,-0.2,0.1
260,Darius Miller,2018-19,28,NOP,0.3,16,0,321,7.7,0.778,0.042,1.3,5.8,3.6,9.4,0.9,1.2,13.0,10.6,113,117,0.2,0.1,0.047,0.1,-1.5,-1.4,0.0
261,Georges Niang,2018-19,25,UTA,0.3,16,0,122,13.0,0.675,0.175,2.7,17.9,10.2,7.6,1.2,0.7,10.4,17.0,114,111,0.2,0.1,0.104,0.2,-1.6,-1.4,0.0
262,Norman Powell,2018-19,25,TOR,0.3,11,2,164,9.8,0.524,0.19,1.4,12.2,7.1,7.7,1.4,0.5,14.9,13.8,111,109,0.1,0.2,0.092,-0.9,0.0,-0.9,0.0
263,Alex Poythress,2018-19,25,ATL,0.3,13,1,195,12.1,0.286,0.347,10.5,15.8,13.1,8.2,0.7,2.2,12.4,13.6,115,115,0.2,0.1,0.081,-1.5,-0.5,-2.0,0.0
264,Collin Sexton,2018-19,20,CLE,0.3,18,8,497,13.5,0.13,0.245,2.6,9.1,5.7,13.9,0.8,0.5,13.7,24.1,106,119,0.4,0.0,0.033,-1.2,-3.2,-4.4,-0.3
265,Daniel Theis,2018-19,26,BOS,0.3,11,0,123,13.9,0.171,0.171,9.9,16.5,13.1,8.0,0.4,2.9,17.0,18.7,111,105,0.1,0.2,0.128,-1.8,0.4,-1.4,0.0
266,Dwyane Wade,2018-19,37,MIA,0.3,12,0,303,15.1,0.322,0.242,5.4,10.6,8.0,20.5,0.9,1.9,16.3,26.9,102,112,0.0,0.2,0.043,-0.1,-1.2,-1.2,0.1
267,DeAndre' Bembry,2018-19,24,ATL,0.2,20,2,464,11.4,0.325,0.292,2.9,18.8,10.7,15.6,2.4,2.7,14.3,18.0,96,110,-0.3,0.5,0.021,-3.6,1.6,-1.9,0.0
268,Dillon Brooks,2018-19,23,MEM,0.2,11,0,208,9.2,0.288,0.273,3.3,9.5,6.3,7.5,1.9,1.8,10.9,18.3,98,107,-0.1,0.3,0.049,-3.7,0.1,-3.7,-0.1
269,Jaylen Brown,2018-19,22,BOS,0.2,19,19,533,8.7,0.364,0.218,4.2,11.2,7.6,6.8,1.1,1.8,10.3,20.4,93,106,-0.5,0.8,0.022,-4.1,0.1,-4.0,-0.3
270,Jalen Brunson,2018-19,22,DAL,0.2,16,1,216,9.2,0.347,0.139,1.6,10.1,6.0,15.7,1.6,0.0,11.6,17.1,100,111,0.0,0.2,0.039,-2.8,-1.5,-4.3,-0.1
271,Deonte Burton,2018-19,25,OKC,0.2,10,0,82,12.8,0.265,0.088,1.2,14.3,7.6,7.3,1.7,2.1,5.4,18.4,109,105,0.1,0.1,0.114,-3.4,0.1,-3.4,0.0
272,DeMarre Carroll,2018-19,32,BRK,0.2,10,0,203,10.1,0.523,0.523,4.1,21.2,12.4,6.7,0.5,0.4,14.0,19.4,103,114,0.1,0.1,0.039,-3.0,-2.1,-5.1,-0.2
273,Torrey Craig,2018-19,28,DEN,0.2,15,11,246,7.6,0.475,0.115,9.8,12.8,11.3,3.7,1.4,2.6,14.7,13.0,95,107,-0.1,0.3,0.046,-3.0,1.0,-1.9,0.0
274,Jared Dudley,2018-19,33,BRK,0.2,21,20,484,6.3,0.649,0.124,3.2,10.7,6.8,9.3,1.2,1.0,16.4,10.7,101,115,0.0,0.2,0.022,-2.1,0.4,-1.7,0.0
275,Dante Exum,2018-19,23,UTA,0.2,20,0,350,9.7,0.28,0.424,2.2,9.8,6.0,19.0,0.8,1.0,13.0,19.9,101,113,0.0,0.2,0.03,-2.8,-1.6,-4.5,-0.2
276,JaMychal Green,2018-19,28,MEM,0.2,7,2,147,14.0,0.211,0.105,11.5,26.1,18.7,7.8,2.1,4.4,15.6,22.1,95,100,-0.1,0.3,0.066,-4.5,2.3,-2.2,0.0
277,Maurice Harkless,2018-19,25,POR,0.2,8,1,125,8.1,0.536,0.143,3.4,18.7,11.3,5.2,1.5,4.4,9.2,11.0,97,106,0.0,0.2,0.06,-3.3,3.2,-0.2,0.1
278,Isaiah Hartenstein,2018-19,20,HOU,0.2,17,0,147,10.0,0.129,0.387,9.7,13.1,11.3,9.1,1.4,5.2,23.3,14.2,104,111,0.0,0.1,0.057,-3.8,1.9,-1.9,0.0
279,Aaron Holiday,2018-19,22,IND,0.2,9,0,97,15.6,0.533,0.311,1.2,23.5,12.5,15.9,1.0,1.9,15.0,27.5,103,106,0.0,0.1,0.083,-0.8,-1.3,-2.1,0.0
280,Kevin Huerter,2018-19,20,ATL,0.2,19,3,370,9.0,0.52,0.12,3.9,13.2,8.5,12.7,1.5,1.4,12.5,13.4,101,114,0.0,0.2,0.023,-2.7,-0.2,-2.9,-0.1
281,Brandon Ingram,2018-19,21,LAL,0.2,15,15,480,11.4,0.146,0.323,2.7,12.0,7.5,9.4,1.1,1.6,14.4,22.7,98,112,-0.2,0.4,0.018,-3.5,-0.9,-4.4,-0.3
282,Wesley Iwundu,2018-19,24,ORL,0.2,16,12,288,6.9,0.265,0.397,2.9,10.4,6.5,7.8,0.8,1.2,10.1,13.4,100,113,0.0,0.2,0.025,-4.3,-0.3,-4.7,-0.2
283,Tyus Jones,2018-19,22,MIN,0.2,19,2,353,9.8,0.392,0.137,1.5,8.4,4.9,20.9,2.8,0.2,8.5,14.0,100,113,0.0,0.2,0.025,-2.5,-0.6,-3.1,-0.1
284,Frank Kaminsky,2018-19,25,CHO,0.2,8,0,79,17.7,0.323,0.419,8.2,20.5,14.3,14.8,0.6,2.2,16.0,23.5,111,110,0.1,0.1,0.117,0.1,-1.4,-1.3,0.0
285,Rodions Kurucs,2018-19,20,BRK,0.2,7,0,82,17.6,0.4,0.114,8.9,18.8,13.7,2.0,0.6,0.0,12.0,21.6,115,115,0.1,0.0,0.103,-0.5,-4.7,-5.2,-0.1
286,Damion Lee,2018-19,26,GSW,0.2,9,0,126,10.6,0.553,0.263,0.0,14.7,7.8,2.1,2.3,0.0,8.6,15.9,109,110,0.1,0.1,0.077,-1.3,-2.4,-3.6,-0.1
287,Kevin Love,2018-19,30,CLE,0.2,4,4,136,16.1,0.369,0.508,7.9,38.6,22.4,15.3,0.4,0.7,11.2,28.4,104,113,0.1,0.1,0.053,-1.5,-2.1,-3.7,-0.1
288,Frank Mason,2018-19,24,SAC,0.2,19,0,272,12.2,0.354,0.344,1.1,8.7,4.9,28.5,1.7,1.0,14.7,19.6,102,113,0.0,0.2,0.034,-1.9,-2.2,-4.1,-0.1
289,Malik Monk,2018-19,20,CHO,0.2,18,0,386,12.2,0.569,0.169,1.4,8.1,4.8,14.8,1.4,0.9,10.3,25.7,100,113,0.0,0.3,0.028,0.0,-3.4,-3.5,-0.1
290,Kyle O'Quinn,2018-19,28,IND,0.2,12,0,71,19.7,0.107,0.214,16.4,30.5,23.6,30.8,0.7,7.9,18.6,23.5,107,101,0.1,0.1,0.149,-0.7,5.6,4.9,0.1
291,Elfrid Payton,2018-19,24,NOP,0.2,6,6,152,13.9,0.137,0.216,4.8,16.4,10.6,27.4,1.5,0.5,17.7,18.0,108,113,0.1,0.1,0.071,-0.8,-0.4,-1.1,0.0
292,Quincy Pondexter,2018-19,30,SAS,0.2,16,0,90,13.8,0.333,0.833,4.6,15.1,9.6,7.5,3.3,0.0,16.9,14.2,117,108,0.1,0.1,0.127,-0.7,0.6,0.0,0.0
293,Wayne Selden,2018-19,24,MEM,0.2,19,0,309,8.5,0.41,0.15,2.6,6.8,4.6,10.7,1.1,1.2,13.8,18.4,96,110,-0.2,0.3,0.026,-3.3,-1.4,-4.7,-0.2
294,Dennis Smith,2018-19,21,DAL,0.2,16,16,447,11.9,0.314,0.237,2.6,8.0,5.4,22.2,1.8,1.1,18.9,25.3,97,110,-0.3,0.5,0.019,-1.9,-1.2,-3.1,-0.1
295,Jason Smith,2018-19,32,WAS,0.2,10,1,111,12.8,0.219,0.313,10.5,21.9,16.1,12.5,0.4,3.7,14.2,16.1,111,114,0.1,0.1,0.075,-2.2,0.1,-2.1,0.0
296,Milos Teodosic,2018-19,31,LAC,0.2,9,0,89,11.6,0.722,0.222,2.5,13.3,8.2,28.8,0.5,0.9,33.6,14.2,115,112,0.1,0.1,0.105,1.1,-1.5,-0.4,0.0
297,Johnathan Williams,2018-19,23,LAL,0.2,6,0,85,11.3,0.0,0.263,13.9,11.9,12.9,6.1,0.5,2.7,8.6,11.3,122,112,0.1,0.1,0.113,-0.9,0.0,-0.9,0.0
298,Robert Williams,2018-19,21,BOS,0.2,6,0,23,26.9,0.0,0.5,13.3,18.6,15.9,6.8,0.0,15.5,0.0,9.2,194,97,0.1,0.1,0.36,2.6,8.0,10.5,0.1
299,Justise Winslow,2018-19,22,MIA,0.2,15,9,413,9.4,0.309,0.287,4.5,15.5,10.0,18.9,1.6,1.0,15.5,18.2,95,110,-0.3,0.4,0.017,-3.2,0.9,-2.3,0.0
300,Khem Birch,2018-19,26,ORL,0.1,7,0,40,14.0,0.0,0.0,7.8,22.2,14.8,3.5,4.9,0.0,20.0,10.9,108,102,0.0,0.1,0.116,-3.3,2.8,-0.6,0.0
301,Bismack Biyombo,2018-19,26,CHO,0.1,8,0,68,11.3,0.0,0.583,7.9,19.1,13.5,3.8,0.0,11.5,16.6,11.3,108,105,0.0,0.1,0.099,-4.4,4.4,0.0,0.0
302,Chris Boucher,2018-19,26,TOR,0.1,3,0,12,48.9,0.5,0.75,28.1,33.4,30.9,0.0,0.0,19.9,0.0,37.4,136,92,0.1,0.0,0.506,5.5,-3.2,2.3,0.0
303,MarShon Brooks,2018-19,30,MEM,0.1,17,0,235,12.4,0.318,0.178,4.3,11.4,7.8,14.0,1.1,1.2,11.5,25.5,97,109,-0.2,0.3,0.024,-2.9,-1.9,-4.7,-0.2
304,Bruce Brown,2018-19,22,DET,0.1,10,3,145,5.8,0.314,0.371,4.2,8.7,6.3,2.8,2.3,1.2,6.9,12.5,94,108,-0.1,0.2,0.034,-4.3,0.6,-3.6,-0.1
305,Sterling Brown,2018-19,23,MIL,0.1,12,0,101,8.8,0.514,0.171,6.6,12.4,9.7,8.8,0.5,0.8,15.7,18.3,101,109,0.0,0.1,0.054,-2.1,-1.5,-3.5,0.0
306,Troy Brown,2018-19,19,WAS,0.1,8,0,42,17.3,0.25,0.25,5.1,21.0,12.9,10.7,2.2,0.0,5.3,18.8,119,113,0.1,0.0,0.125,-0.5,-1.9,-2.4,0.0
307,Seth Curry,2018-19,28,POR,0.1,16,0,273,5.5,0.514,0.042,1.5,6.8,4.3,5.8,0.4,0.3,10.9,12.6,101,115,0.0,0.1,0.02,-2.2,-1.2,-3.4,-0.1
308,Matthew Dellavedova,2018-19,28,MIL,0.1,10,0,71,10.6,0.563,0.125,0.0,12.2,6.5,36.5,1.3,0.0,32.2,14.5,107,108,0.0,0.1,0.089,-3.0,-2.2,-5.2,-0.1
309,Kenneth Faried,2018-19,29,BRK,0.1,7,0,41,22.1,0.0,0.583,15.2,24.2,19.5,0.0,1.2,1.9,16.6,18.7,120,110,0.1,0.0,0.145,-2.7,-5.1,-7.7,-0.1
310,Terrance Ferguson,2018-19,20,OKC,0.1,15,15,320,3.4,0.652,0.061,3.5,6.3,4.9,3.9,1.2,0.8,17.1,10.3,90,109,-0.2,0.4,0.022,-4.1,0.7,-3.4,-0.1
311,Gerald Green,2018-19,33,HOU,0.1,16,0,265,8.8,0.767,0.087,3.3,13.2,8.0,3.6,0.6,0.3,7.0,19.2,102,117,0.0,0.1,0.014,-1.9,-4.3,-6.2,-0.3
312,Andrew Harrison,2018-19,24,TOT,0.1,8,0,111,9.6,0.406,0.344,3.8,9.7,6.6,16.0,1.3,1.6,14.0,16.7,106,116,0.1,0.0,0.037,-1.7,-1.8,-3.5,0.0
313,Chandler Hutchison,2018-19,22,CHI,0.1,16,3,309,7.8,0.264,0.319,3.5,18.5,11.0,5.2,1.7,0.8,15.4,13.7,92,110,-0.2,0.3,0.008,-5.3,0.3,-5.1,-0.2
314,Luke Kennard,2018-19,22,DET,0.1,3,1,43,16.2,0.167,0.0,0.0,13.3,6.2,11.0,1.1,2.0,7.7,12.6,135,110,0.1,0.0,0.162,-0.5,0.0,-0.4,0.0
315,Kyle Korver,2018-19,37,CLE,0.1,15,0,230,9.3,0.703,0.219,0.0,14.0,6.6,9.3,0.6,0.8,19.5,16.3,106,118,0.1,0.0,0.025,-1.0,-2.8,-3.9,-0.1
316,Jon Leuer,2018-19,29,DET,0.1,8,0,64,11.7,0.2,0.4,9.4,19.7,14.2,6.7,1.5,0.0,14.5,13.4,115,109,0.1,0.1,0.11,-2.2,-0.2,-2.3,0.0
317,Jordan Loyd,2018-19,25,TOR,0.1,3,0,17,31.6,0.667,1.333,6.6,23.6,15.6,7.9,0.0,0.0,17.4,14.3,199,109,0.1,0.0,0.421,11.0,-2.4,8.6,0.0
318,Timothe Luwawu-Cabarrot,2018-19,23,OKC,0.1,12,1,106,6.9,0.5,0.111,3.8,12.1,7.8,5.1,1.3,0.8,9.6,15.9,95,107,-0.1,0.1,0.039,-4.6,-0.8,-5.4,-0.1
319,Tyler Lydon,2018-19,22,DEN,0.1,6,0,22,20.3,0.5,0.333,10.0,9.9,9.9,0.0,0.0,0.0,0.0,13.3,161,112,0.1,0.0,0.233,3.9,-5.9,-2.0,0.0
320,Salah Mejri,2018-19,32,DAL,0.1,5,0,37,13.3,0.0,0.333,9.3,26.5,18.1,11.4,0.0,2.3,22.5,10.3,131,109,0.1,0.0,0.157,-1.5,0.9,-0.7,0.0
321,C.J. Miles,2018-19,31,TOR,0.1,15,0,227,6.8,0.663,0.209,3.0,9.7,6.5,6.1,1.0,2.1,7.8,19.0,94,109,-0.2,0.3,0.016,-2.7,-1.0,-3.7,-0.1
322,Greg Monroe,2018-19,28,TOR,0.1,10,0,74,15.8,0.061,0.182,16.7,25.7,21.5,7.9,1.9,0.0,18.3,24.9,99,104,0.0,0.1,0.07,-3.4,-0.7,-4.1,0.0
323,Jaylen Morris,2018-19,23,MIL,0.1,2,0,13,21.1,0.25,0.0,0.0,14.8,7.9,10.9,3.6,0.0,20.0,15.9,130,103,0.0,0.0,0.208,2.7,1.1,3.8,0.0
324,James Nunnally,2018-19,28,MIN,0.1,6,0,40,11.7,0.583,0.333,0.0,7.9,3.9,10.7,1.2,0.0,6.8,15.4,120,117,0.1,0.0,0.09,-0.5,-3.3,-3.8,0.0
325,Cameron Payne,2018-19,24,CHI,0.1,18,12,344,10.1,0.38,0.157,2.8,8.0,5.4,20.7,1.8,1.0,16.6,17.6,97,113,-0.1,0.2,0.011,-2.9,-1.1,-4.0,-0.2
326,Bobby Portis,2018-19,23,CHI,0.1,4,4,113,12.1,0.268,0.22,5.7,31.9,18.9,11.1,0.8,3.0,10.0,19.3,95,107,-0.1,0.2,0.032,-4.9,0.9,-4.0,-0.1
327,Jerome Robinson,2018-19,21,LAC,0.1,8,0,40,13.1,0.5,0.0,0.0,7.4,3.9,4.0,0.0,0.0,5.3,20.1,118,116,0.1,0.0,0.1,1.7,-4.7,-3.0,0.0
328,Thabo Sefolosha,2018-19,34,UTA,0.1,7,0,67,8.2,0.6,0.6,3.3,34.3,18.5,8.0,2.2,1.2,24.0,10.7,90,105,0.0,0.1,0.042,-5.5,2.4,-3.2,0.0
329,Lance Thomas,2018-19,30,NYK,0.1,11,5,167,7.1,0.415,0.268,2.5,12.9,7.6,4.9,2.0,1.5,11.6,13.0,97,113,0.0,0.1,0.019,-3.2,-0.4,-3.6,-0.1
330,Ekpe Udoh,2018-19,31,UTA,0.1,14,0,65,11.8,0.0,0.857,3.4,15.9,9.6,6.6,0.7,9.0,34.2,9.7,111,106,0.0,0.1,0.101,-3.9,4.7,0.8,0.0
331,Christian Wood,2018-19,23,MIL,0.1,5,0,29,21.1,0.286,0.286,11.5,29.9,21.3,9.9,0.0,0.0,11.3,25.3,118,107,0.1,0.0,0.184,0.3,-2.7,-2.5,0.0
332,Guerschon Yabusele,2018-19,23,BOS,0.1,10,0,40,15.8,0.375,0.5,10.2,16.0,13.0,10.9,2.4,2.2,4.9,22.2,108,102,0.0,0.1,0.142,-1.6,0.6,-1.0,0.0
333,Ante Zizic,2018-19,22,CLE,0.1,14,0,118,14.9,0.0,0.588,12.7,26.3,19.1,6.5,0.4,0.8,24.6,20.8,107,116,0.1,0.0,0.052,-3.0,-2.8,-5.8,-0.1
334,Ivica Zubac,2018-19,21,LAL,0.1,5,0,40,14.3,0.0,0.333,24.2,25.2,24.7,6.4,1.2,1.9,17.9,17.3,113,107,0.1,0.1,0.134,-1.8,-0.6,-2.4,0.0
335,Jaylen Adams,2018-19,22,ATL,0.0,4,0,13,7.5,1.0,0.0,0.0,16.3,8.0,10.3,0.0,6.5,0.0,12.6,89,114,0.0,0.0,-0.012,-4.7,0.1,-4.6,0.0
336,DeVaughn Akoon-Purcell,2018-19,25,DEN,0.0,5,0,18,2.4,0.5,0.25,6.1,12.1,9.1,22.2,2.7,0.0,10.1,23.4,76,105,-0.1,0.0,-0.092,-5.4,-0.8,-6.2,0.0
337,Justin Anderson,2018-19,25,ATL,0.0,3,0,34,11.8,0.4,0.333,0.0,6.2,3.1,0.0,4.0,2.5,10.4,23.2,93,110,0.0,0.0,0.005,-5.0,-2.3,-7.3,0.0
338,Michael Beasley,2018-19,30,LAL,0.0,4,0,20,6.6,0.111,0.333,10.8,10.1,10.4,0.0,2.3,0.0,16.2,25.4,90,110,0.0,0.0,-0.032,-7.3,-5.9,-13.2,-0.1
339,Jonah Bolden,2018-19,23,PHI,0.0,6,0,40,6.7,0.636,0.182,0.0,23.0,12.0,7.0,3.5,1.9,14.4,14.6,79,103,-0.1,0.1,0.003,-5.8,1.8,-4.0,0.0
340,Isaiah Briscoe,2018-19,22,ORL,0.0,8,0,57,5.6,0.063,0.188,0.0,7.8,3.8,19.5,0.0,0.0,10.4,14.7,98,116,0.0,0.0,0.0,-5.8,-3.4,-9.2,-0.1
341,Ryan Broekhoff,2018-19,28,DAL,0.0,9,0,34,6.3,0.909,0.0,0.0,16.0,8.2,0.0,0.0,0.0,0.0,13.8,102,113,0.0,0.0,0.035,-3.5,-5.8,-9.3,-0.1
342,Jose Calderon,2018-19,37,DET,0.0,13,0,125,4.5,0.63,0.111,2.4,6.4,4.3,13.6,1.9,1.4,12.4,10.8,89,110,-0.1,0.1,0.013,-4.2,0.3,-3.9,-0.1
343,Michael Carter-Williams,2018-19,27,HOU,0.0,10,1,107,10.4,0.282,0.487,2.1,10.1,5.9,23.5,3.8,3.2,14.5,22.9,92,108,-0.1,0.1,-0.005,-4.5,0.7,-3.7,0.0
344,Jamal Crawford,2018-19,38,PHO,0.0,17,0,237,11.2,0.5,0.244,0.5,7.7,4.1,21.6,1.2,0.4,15.9,21.0,102,117,0.0,0.0,0.01,-1.5,-4.0,-5.5,-0.2
345,Troy Daniels,2018-19,27,PHO,0.0,5,0,40,8.8,0.733,0.067,2.9,8.6,5.7,14.6,4.8,0.0,16.3,20.3,87,109,-0.1,0.0,-0.029,-2.0,-0.7,-2.7,0.0
346,Marcus Derrickson,2018-19,22,GSW,0.0,2,0,8,-5.8,0.0,0.0,0.0,12.9,6.8,0.0,0.0,0.0,33.3,16.2,60,115,0.0,0.0,-0.153,-11.1,-4.8,-15.9,0.0
347,Vince Edwards,2018-19,22,HOU,0.0,1,0,4,33.2,1.0,0.0,27.5,0.0,14.4,0.0,0.0,0.0,0.0,22.1,156,122,0.0,0.0,0.316,13.5,-11.3,2.2,0.0
348,Henry Ellenson,2018-19,22,DET,0.0,1,0,8,24.8,0.4,0.4,0.0,42.9,20.1,0.0,0.0,0.0,0.0,30.6,128,107,0.0,0.0,0.263,-2.7,-10.9,-13.6,0.0
349,Drew Eubanks,2018-19,21,SAS,0.0,3,0,13,14.3,0.0,0.4,7.9,0.0,4.1,0.0,0.0,0.0,25.4,26.2,102,119,0.0,0.0,0.005,-4.4,-6.5,-11.0,0.0
350,Raymond Felton,2018-19,34,OKC,0.0,11,0,130,9.9,0.406,0.141,2.3,11.5,6.8,23.1,1.8,1.9,12.8,24.3,91,106,-0.2,0.2,0.005,-4.4,-0.3,-4.7,-0.1
351,Channing Frye,2018-19,35,CLE,0.0,3,1,31,10.5,0.5,0.0,0.0,26.9,12.7,4.6,1.6,0.0,20.0,13.9,110,113,0.0,0.0,0.061,-2.5,-2.0,-4.5,0.0
352,Devonte' Graham,2018-19,23,CHO,0.0,6,0,63,4.8,0.706,0.0,0.0,10.3,5.1,18.4,0.8,0.0,15.0,13.5,91,114,-0.1,0.0,-0.017,-3.5,-3.0,-6.5,-0.1
353,Solomon Hill,2018-19,27,NOP,0.0,8,1,142,5.1,0.483,0.138,1.5,11.0,6.2,11.3,1.9,1.7,14.0,10.1,86,113,-0.1,0.1,-0.011,-4.0,0.8,-3.2,0.0
354,John Holland,2018-19,30,CLE,0.0,1,0,1,0.0,,,0.0,0.0,0.0,0.0,0.0,0.0,,0.0,,123,0.0,0.0,-0.025,-5.4,-0.8,-6.2,0.0
355,Alize Johnson,2018-19,22,IND,0.0,3,0,9,0.4,0.0,1.0,0.0,50.7,25.6,0.0,0.0,0.0,0.0,14.2,66,102,0.0,0.0,-0.037,-14.2,-6.3,-20.5,0.0
356,Derrick Jones,2018-19,21,MIA,0.0,12,4,181,8.7,0.246,0.246,8.5,12.0,10.2,5.7,0.8,2.7,14.0,18.0,95,111,-0.1,0.2,0.012,-4.3,-0.4,-4.7,-0.1
357,Skal Labissiere,2018-19,22,SAC,0.0,7,0,40,8.9,0.385,0.385,2.5,20.6,11.5,6.6,2.3,2.2,20.8,19.8,94,107,0.0,0.1,0.026,-4.2,0.1,-4.1,0.0
358,T.J. Leaf,2018-19,21,IND,0.0,12,0,85,8.9,0.276,0.0,9.6,13.4,11.5,6.6,0.6,2.2,12.1,17.2,94,109,-0.1,0.1,0.015,-4.1,-1.0,-5.2,-0.1
359,Zach Lofton,2018-19,26,DET,0.0,1,0,4,-9.8,1.0,0.0,0.0,0.0,0.0,0.0,12.1,0.0,50.0,20.8,0,90,0.0,0.0,-0.429,-16.0,8.1,-7.9,0.0
360,Daryl Macon,2018-19,23,DAL,0.0,1,0,1,0.0,,,0.0,0.0,0.0,0.0,0.0,0.0,,0.0,,117,0.0,0.0,0.009,-5.7,0.3,-5.4,0.0
361,Luc Mbah a Moute,2018-19,32,LAC,0.0,4,0,61,7.2,0.333,0.278,3.7,8.1,6.0,4.5,0.8,1.2,9.0,15.4,98,113,0.0,0.0,0.021,-2.2,-1.2,-3.4,0.0
362,Chimezie Metu,2018-19,21,SAS,0.0,10,0,55,9.6,0.111,0.389,7.5,18.5,12.7,10.2,1.8,2.9,22.2,21.3,85,108,-0.1,0.1,-0.043,-6.7,0.9,-5.8,-0.1
363,Naz Mitrou-Long,2018-19,25,UTA,0.0,1,0,4,-13.6,1.0,0.0,0.0,0.0,0.0,0.0,0.0,0.0,0.0,10.8,0,117,0.0,0.0,-0.257,-10.7,-3.5,-14.2,0.0
364,Svi Mykhailiuk,2018-19,21,LAL,0.0,9,0,87,5.7,0.5,0.4,2.5,2.3,2.4,13.8,1.6,0.0,11.3,12.6,95,114,0.0,0.0,-0.001,-3.6,-2.6,-6.3,-0.1
365,Abdel Nader,2018-19,25,OKC,0.0,7,0,15,12.3,0.286,0.0,6.7,14.3,10.4,10.0,6.3,5.6,22.2,24.3,78,92,-0.1,0.0,-0.013,-6.8,6.3,-0.5,0.0
366,Raul Neto,2018-19,26,UTA,0.0,3,0,30,12.8,0.333,0.444,0.0,11.5,5.6,33.7,3.2,0.0,21.8,19.8,102,108,0.0,0.0,0.065,-2.8,-1.3,-4.1,0.0
367,Royce O'Neale,2018-19,25,UTA,0.0,20,2,306,5.7,0.271,0.157,2.5,16.1,9.2,9.5,1.4,0.3,21.9,13.5,88,111,-0.3,0.3,-0.006,-4.8,0.4,-4.5,-0.2
368,Semi Ojeleye,2018-19,24,BOS,0.0,13,1,141,4.8,0.531,0.219,3.6,12.1,7.8,1.0,1.0,0.6,14.6,12.6,86,107,-0.2,0.2,0.013,-6.0,-0.9,-6.9,-0.2
369,Jahlil Okafor,2018-19,23,NOP,0.0,9,2,59,11.5,0.0,0.231,17.6,14.1,15.9,2.3,0.0,0.0,17.3,23.6,102,117,0.0,0.0,0.014,-4.2,-5.7,-9.9,-0.1
370,Elie Okobo,2018-19,21,PHO,0.0,11,1,166,9.1,0.426,0.23,1.4,9.6,5.5,22.4,0.9,0.5,14.1,20.7,99,117,0.0,0.0,-0.006,-2.5,-3.6,-6.0,-0.2
371,Josh Okogie,2018-19,20,MIN,0.0,15,7,328,8.4,0.405,0.207,3.8,13.5,8.6,6.5,2.0,1.3,12.3,17.6,92,112,-0.3,0.2,-0.006,-3.6,-0.3,-3.9,-0.2
372,Jabari Parker,2018-19,23,CHI,0.0,20,13,638,12.9,0.246,0.225,3.7,19.9,11.9,12.9,1.1,1.2,15.2,24.8,95,111,-0.5,0.5,-0.001,-3.2,-0.4,-3.6,-0.2
373,Chandler Parsons,2018-19,30,MEM,0.0,3,3,46,7.2,0.588,0.0,2.5,7.6,5.0,7.0,1.1,2.0,10.5,19.0,92,109,0.0,0.1,0.006,-3.4,-1.7,-5.1,0.0
374,Theo Pinson,2018-19,23,BRK,0.0,2,0,10,7.7,0.667,0.667,0.0,11.0,5.3,36.0,0.0,0.0,0.0,16.4,97,118,0.0,0.0,-0.018,-4.3,-5.0,-9.3,0.0
375,Zhou Qi,2018-19,23,HOU,0.0,1,0,1,83.2,0.0,0.0,0.0,0.0,0.0,0.0,0.0,0.0,0.0,44.2,200,122,0.0,0.0,1.293,23.8,-13.0,10.9,0.0
376,Ivan Rabb,2018-19,21,MEM,0.0,8,0,53,10.7,0.077,0.385,8.5,30.8,19.4,15.2,1.0,1.8,34.5,20.1,92,103,-0.1,0.1,0.031,-6.3,1.7,-4.6,0.0
377,Davon Reed,2018-19,23,IND,0.0,3,0,6,-2.6,,,0.0,0.0,0.0,0.0,0.0,0.0,,0.0,,115,0.0,0.0,0.017,-5.8,0.4,-5.4,0.0
378,Duncan Robinson,2018-19,24,MIA,0.0,4,0,29,6.6,1.0,0.0,0.0,17.8,8.9,0.0,1.6,0.0,0.0,8.6,106,110,0.0,0.0,0.06,-4.1,-2.7,-6.8,0.0
379,Ray Spalding,2018-19,21,DAL,0.0,1,0,1,0.0,,,0.0,0.0,0.0,0.0,0.0,0.0,,0.0,,117,0.0,0.0,0.009,-5.7,0.3,-5.4,0.0
380,Khyri Thomas,2018-19,22,DET,0.0,2,0,11,-1.1,0.75,0.0,0.0,10.4,4.9,12.5,0.0,0.0,20.0,18.9,72,114,0.0,0.0,-0.124,-7.2,-3.5,-10.7,0.0
381,Sindarius Thornwell,2018-19,24,LAC,0.0,6,0,44,2.2,0.5,1.0,0.0,20.1,10.7,8.2,0.0,1.7,25.8,7.5,96,110,0.0,0.0,0.037,-4.1,1.1,-3.0,0.0
382,Gary Trent,2018-19,20,POR,0.0,2,0,13,16.0,0.333,0.0,0.0,22.5,11.7,0.0,0.0,0.0,10.0,32.2,97,112,0.0,0.0,0.005,-5.7,-9.0,-14.7,0.0
383,Tyler Ulis,2018-19,23,CHI,0.0,1,0,1,0.0,,,0.0,0.0,0.0,0.0,0.0,0.0,,0.0,,121,0.0,0.0,-0.012,-7.2,0.1,-7.1,0.0
384,Moritz Wagner,2018-19,21,LAL,0.0,1,0,2,-19.0,1.0,0.0,0.0,0.0,0.0,0.0,0.0,0.0,0.0,20.7,0,119,0.0,0.0,-0.505,-15.3,-7.2,-22.5,0.0
385,Tyrone Wallace,2018-19,24,LAC,0.0,12,0,82,7.7,0.118,0.353,1.4,10.8,6.4,5.5,1.2,0.0,7.1,21.8,91,112,-0.1,0.1,-0.02,-5.0,-2.6,-7.6,-0.1
386,Taurean Waller-Prince,2018-19,24,ATL,0.0,17,16,488,11.3,0.551,0.215,1.1,14.4,7.6,13.1,1.9,0.7,16.4,23.6,96,113,-0.3,0.3,-0.001,-1.6,-1.6,-3.2,-0.1
387,Brad Wanamaker,2018-19,29,BOS,0.0,5,0,31,12.7,0.273,0.545,0.0,10.3,5.0,19.8,1.6,0.0,22.7,24.6,99,107,0.0,0.0,0.051,-4.4,-2.0,-6.4,0.0
388,Yuta Watanabe,2018-19,24,MEM,0.0,2,0,12,7.2,1.0,2.0,0.0,38.8,19.1,0.0,0.0,7.7,34.7,11.0,73,100,0.0,0.0,0.021,-11.6,0.0,-11.6,0.0
389,Thomas Welsh,2018-19,22,DEN,0.0,4,0,12,16.8,0.667,0.0,0.0,27.1,13.6,23.9,0.0,0.0,25.0,14.2,129,108,0.0,0.0,0.177,1.2,-1.2,0.0,0.0
390,Okaro White,2018-19,26,WAS,0.0,1,0,3,3.9,1.0,0.0,35.4,36.8,36.1,0.0,0.0,0.0,0.0,14.0,67,114,0.0,0.0,-0.142,-8.7,-10.6,-19.3,0.0
391,Kenrich Williams,2018-19,24,NOP,0.0,5,0,27,-0.3,0.4,0.0,0.0,19.3,9.6,0.0,0.0,0.0,16.7,8.9,82,116,0.0,0.0,-0.028,-6.8,-4.1,-10.9,-0.1
392,Grayson Allen,2018-19,23,UTA,-0.1,13,1,133,4.5,0.667,0.373,0.8,1.7,1.3,5.7,0.4,0.0,13.2,22.2,91,116,-0.2,0.0,-0.047,-3.4,-5.2,-8.7,-0.2
393,Ryan Anderson,2018-19,30,PHO,-0.1,12,8,245,5.6,0.554,0.25,5.6,13.1,9.3,8.9,0.6,0.3,13.9,13.0,93,118,-0.1,0.0,-0.024,-3.3,-1.7,-5.0,-0.2
394,Ike Anigbogu,2018-19,20,IND,-0.1,2,0,4,-12.0,0.0,0.0,29.2,28.5,28.8,29.2,0.0,23.5,25.0,44.3,33,92,-0.1,0.0,-0.783,-27.5,13.4,-14.1,0.0
395,Ron Baker,2018-19,25,NYK,-0.1,9,0,92,2.0,0.667,0.5,1.1,5.9,3.4,12.2,2.1,0.0,17.0,8.0,82,116,-0.1,0.0,-0.031,-4.3,-1.2,-5.5,-0.1
396,Keita Bates-Diop,2018-19,23,MIN,-0.1,2,0,18,-1.0,0.5,0.0,0.0,17.6,8.7,0.0,0.0,4.6,0.0,18.6,56,114,-0.1,0.0,-0.182,-11.9,-4.2,-16.1,-0.1
397,Dragan Bender,2018-19,21,PHO,-0.1,6,0,26,-3.4,0.5,0.0,8.8,17.6,13.2,10.5,0.0,0.0,27.3,18.6,57,118,-0.1,0.0,-0.245,-10.3,-2.9,-13.2,-0.1
398,Lorenzo Brown,2018-19,28,TOR,-0.1,14,0,135,6.6,0.489,0.044,1.7,11.9,7.1,14.0,2.1,2.4,22.1,18.4,84,106,-0.3,0.2,-0.019,-4.8,1.3,-3.5,-0.1
399,Isaiah Canaan,2018-19,27,PHO,-0.1,18,15,482,7.4,0.548,0.161,1.0,10.0,5.5,17.2,1.2,0.0,17.9,14.8,98,117,-0.1,0.1,-0.006,-2.1,-2.0,-4.1,-0.3
400,Marquese Chriss,2018-19,21,HOU,-0.1,5,0,24,1.3,0.417,0.0,4.6,15.1,9.6,6.8,0.0,7.1,14.3,25.8,67,113,-0.1,0.0,-0.203,-11.2,-1.3,-12.5,-0.1
401,Luol Deng,2018-19,33,MIN,-0.1,2,0,19,7.8,0.444,0.222,27.2,27.8,27.5,0.0,0.0,4.4,9.2,23.9,76,111,-0.1,0.0,-0.135,-10.3,-8.1,-18.4,-0.1
402,Tyler Dorsey,2018-19,22,ATL,-0.1,10,0,105,5.0,0.333,0.333,1.0,14.2,7.5,8.1,1.3,0.0,2.4,16.5,84,115,-0.2,0.0,-0.058,-6.5,-2.5,-9.1,-0.2
403,Kris Dunn,2018-19,24,CHI,-0.1,1,1,30,-0.4,0.308,0.0,0.0,14.1,7.1,35.8,0.0,0.0,23.5,24.7,71,116,-0.1,0.0,-0.213,-9.4,-3.8,-13.3,-0.1
404,Jacob Evans,2018-19,21,GSW,-0.1,13,0,68,0.3,0.267,0.0,1.7,9.1,5.6,15.5,0.7,1.2,16.7,11.4,71,114,-0.1,0.0,-0.083,-7.4,-1.5,-8.8,-0.1
405,Melvin Frazier,2018-19,22,ORL,-0.1,2,0,11,-9.7,1.0,0.0,0.0,0.0,0.0,0.0,0.0,0.0,50.0,7.9,0,118,-0.1,0.0,-0.224,-11.8,-1.0,-12.8,0.0
406,Tim Frazier,2018-19,28,NOP,-0.1,11,2,137,4.6,0.452,0.097,3.0,8.4,5.7,22.1,1.0,0.6,19.8,11.8,91,116,-0.1,0.0,-0.024,-4.0,-1.8,-5.8,-0.1
407,Harry Giles,2018-19,20,SAC,-0.1,16,0,169,11.9,0.024,0.141,10.2,21.3,15.7,15.5,3.3,2.0,17.4,26.7,88,105,-0.3,0.3,-0.023,-4.9,1.7,-3.1,0.0
408,Treveon Graham,2018-19,25,BRK,-0.1,2,0,27,-5.1,0.667,0.0,3.8,12.2,7.9,4.4,1.8,0.0,40.0,7.8,26,114,-0.1,0.0,-0.152,-9.5,1.4,-8.1,0.0
409,Daniel Hamilton,2018-19,23,ATL,-0.1,1,0,8,-12.6,0.5,1.0,0.0,0.0,0.0,0.0,0.0,0.0,25.8,19.9,28,122,-0.1,0.0,-0.412,-16.4,-5.3,-21.7,0.0
410,Udonis Haslem,2018-19,38,MIA,-0.1,2,0,6,-26.2,0.5,0.0,0.0,17.2,8.6,0.0,0.0,0.0,33.3,41.4,34,113,-0.1,0.0,-0.725,-26.7,-9.0,-35.8,-0.1
411,James Johnson,2018-19,31,MIA,-0.1,4,2,84,2.8,0.367,0.2,2.4,6.2,4.3,22.7,0.0,0.0,5.8,17.1,90,116,-0.1,0.0,-0.042,-5.2,-3.8,-9.0,-0.1
412,Luke Kornet,2018-19,23,NYK,-0.1,4,0,13,-5.1,1.0,0.0,0.0,0.0,0.0,18.7,0.0,0.0,33.3,9.7,35,122,-0.1,0.0,-0.221,-10.9,-7.3,-18.3,-0.1
413,Robin Lopez,2018-19,30,CHI,-0.1,14,0,226,7.7,0.089,0.161,7.6,5.6,6.6,10.6,0.6,5.3,25.0,15.4,89,114,-0.3,0.1,-0.028,-5.6,1.4,-4.2,-0.1
414,Jarell Martin,2018-19,24,ORL,-0.1,12,1,125,4.5,0.359,0.128,3.3,21.3,12.0,9.7,0.8,2.0,12.7,16.4,79,110,-0.3,0.1,-0.055,-7.5,0.2,-7.3,-0.2
415,Ben McLemore,2018-19,25,SAC,-0.1,6,0,30,2.2,0.769,0.154,0.0,0.0,0.0,8.6,0.0,0.0,6.7,20.5,87,120,0.0,0.0,-0.084,-3.6,-7.9,-11.5,-0.1
416,Jordan McRae,2018-19,27,WAS,-0.1,4,0,22,-0.3,0.286,0.0,0.0,20.1,9.8,11.5,0.0,3.8,0.0,13.4,48,116,-0.1,0.0,-0.179,-11.0,-0.5,-11.5,-0.1
417,De'Anthony Melton,2018-19,20,PHO,-0.1,4,0,42,2.6,0.571,0.0,0.0,21.8,10.9,6.6,4.6,2.0,22.2,18.8,60,105,-0.2,0.1,-0.138,-8.7,1.9,-6.8,-0.1
418,Dzanan Musa,2018-19,19,BRK,-0.1,6,0,22,5.1,0.417,0.167,4.7,10.0,7.3,7.5,4.4,0.0,18.9,30.6,68,109,-0.1,0.0,-0.217,-8.4,-1.7,-10.1,0.0
419,Cedi Osman,2018-19,23,CLE,-0.1,16,15,498,9.6,0.427,0.222,2.6,16.3,9.0,11.6,1.2,0.9,16.1,19.4,97,116,-0.2,0.1,-0.007,-2.0,-1.3,-3.3,-0.2
420,J.R. Smith,2018-19,33,CLE,-0.1,11,4,222,8.2,0.494,0.127,0.0,9.7,4.6,13.4,2.5,1.2,11.7,18.3,93,114,-0.2,0.1,-0.014,-2.7,-1.4,-4.1,-0.1
421,Edmond Sumner,2018-19,23,IND,-0.1,5,0,20,-2.6,0.25,0.5,5.8,0.0,2.9,6.2,2.5,0.0,17.0,13.0,54,110,-0.1,0.0,-0.133,-8.2,-0.5,-8.8,0.0
422,Caleb Swanigan,2018-19,21,POR,-0.1,10,0,99,5.2,0.121,0.152,11.7,28.6,20.4,6.7,1.9,0.0,22.1,19.1,77,105,-0.3,0.2,-0.063,-7.9,0.6,-7.3,-0.1
423,Jared Terrell,2018-19,23,MIN,-0.1,1,0,21,-3.4,0.25,0.25,0.0,5.0,2.5,6.1,4.6,4.0,18.4,21.6,45,108,-0.1,0.0,-0.263,-12.9,1.8,-11.1,0.0
424,Derrick White,2018-19,24,SAS,-0.1,10,5,172,7.2,0.275,0.275,0.6,11.9,6.0,22.0,1.7,0.0,17.4,17.4,89,112,-0.2,0.1,-0.025,-4.6,-1.2,-5.8,-0.2
425,Wade Baldwin,2018-19,22,POR,-0.2,8,0,45,-5.6,0.267,0.0,2.3,8.7,5.6,17.0,0.0,0.0,28.6,19.5,53,116,-0.3,0.0,-0.257,-11.7,-2.1,-13.9,-0.1
426,Antonio Blakeney,2018-19,22,CHI,-0.2,20,0,382,11.8,0.295,0.171,1.1,10.8,6.0,5.6,0.9,0.9,8.8,26.0,94,115,-0.4,0.2,-0.026,-3.9,-3.7,-7.6,-0.5
427,Ian Clark,2018-19,27,NOP,-0.2,19,0,305,4.7,0.418,0.11,1.4,9.5,5.5,10.4,0.8,0.3,15.1,14.8,92,117,-0.2,0.1,-0.029,-3.7,-2.0,-5.7,-0.3
428,Eric Gordon,2018-19,30,HOU,-0.2,15,6,489,9.0,0.565,0.206,1.3,8.1,4.6,9.2,0.9,1.2,6.9,23.6,96,117,-0.3,0.1,-0.019,-2.9,-3.3,-6.2,-0.5
429,Frank Jackson,2018-19,20,NOP,-0.2,14,0,173,4.0,0.429,0.222,0.6,5.4,3.0,5.8,0.5,0.0,10.4,18.0,92,118,-0.2,0.0,-0.042,-4.1,-4.1,-8.2,-0.3
430,Kevin Knox,2018-19,19,NYK,-0.2,14,3,249,7.3,0.432,0.225,4.6,10.4,7.4,3.0,1.2,2.1,9.6,22.8,90,115,-0.3,0.1,-0.046,-4.0,-3.4,-7.4,-0.3
431,Frank Ntilikina,2018-19,20,NYK,-0.2,21,14,503,6.7,0.462,0.11,0.6,8.8,4.6,16.5,1.7,1.5,16.5,15.2,92,115,-0.4,0.2,-0.017,-2.9,-1.0,-3.9,-0.2
432,Malachi Richardson,2018-19,23,TOR,-0.2,12,0,68,-2.0,0.833,0.167,1.7,13.2,7.8,0.0,0.7,0.0,26.6,16.3,64,110,-0.2,0.1,-0.116,-8.1,-3.5,-11.7,-0.2
433,Austin Rivers,2018-19,26,WAS,-0.2,19,0,427,7.4,0.533,0.213,1.7,8.8,5.2,9.8,1.2,1.6,15.2,15.5,95,117,-0.2,0.1,-0.017,-2.5,-1.5,-4.0,-0.2
434,Anfernee Simons,2018-19,19,POR,-0.2,5,0,34,-2.3,0.333,0.267,0.0,14.3,7.4,4.2,0.0,0.0,15.2,24.3,61,114,-0.2,0.0,-0.233,-11.5,-3.9,-15.3,-0.1
435,Andrew Wiggins,2018-19,23,MIN,-0.2,16,16,530,10.4,0.339,0.143,1.9,10.0,5.9,10.8,2.1,1.3,9.2,23.2,94,114,-0.5,0.3,-0.015,-2.7,-0.9,-3.6,-0.2
436,Jonathon Simmons,2018-19,29,ORL,-0.3,18,0,382,7.5,0.271,0.3,2.7,11.1,6.8,15.2,0.9,2.4,12.2,20.5,89,112,-0.5,0.3,-0.032,-5.5,-0.3,-5.8,-0.4
437,Avery Bradley,2018-19,28,LAC,-0.4,13,13,365,3.5,0.321,0.064,2.1,4.6,3.4,7.0,1.4,1.0,13.2,15.0,81,113,-0.6,0.2,-0.051,-3.8,0.1,-3.6,-0.1
438,Allen Crabbe,2018-19,26,BRK,-0.4,20,7,493,4.8,0.653,0.129,1.7,12.3,6.8,5.3,0.9,1.1,11.3,17.4,88,115,-0.6,0.2,-0.039,-3.9,-1.4,-5.3,-0.4
439,Mario Hezonja,2018-19,23,NYK,-0.4,19,4,367,7.7,0.364,0.136,2.2,18.2,10.1,8.7,1.7,0.7,12.7,22.5,86,113,-0.7,0.3,-0.059,-4.7,-1.9,-6.6,-0.4
440,Trae Young,2018-19,20,ATL,-0.4,20,20,584,12.5,0.4,0.266,1.6,8.7,5.1,41.3,1.0,0.9,19.4,28.3,96,117,-0.6,0.1,-0.037,-1.6,-3.5,-5.2,-0.5
441,Josh Jackson,2018-19,21,PHO,-0.8,19,3,329,6.5,0.3,0.246,2.1,13.2,7.6,13.1,1.9,3.1,23.0,25.0,79,113,-1.0,0.2,-0.119,-6.9,-0.4,-7.3,-0.4
