,02-11-2018:teams_700.csv,03-11-2018:teams_700.csv,04-11-2018:teams_600.csv,05-11-2018:teams_700.csv,07-11-2018:teams_700.csv,09-11-2018:teams_700.csv,10-11-2018:teams_700.csv,21-11-2018:teams_700.csv,23-11-2018:teams_700.csv,26-11-2018:teams_700.csv,28-11-2018:teams_700.csv,21-12-2018:teams_700.csv,03-12-2018:teams_700.csv,05-12-2018:teams_700.csv,07-12-2018:teams_700.csv,08-12-2018:teams_700.csv,01-11-2018:teams_700.csv,06-11-2018:teams_700.csv,08-11-2018:teams_800.csv,21-11-2018:teams_800.csv,23-11-2018:teams_800.csv,24-11-2018:teams_730.csv,25-11-2018:teams_600.csv,27-11-2018:teams_700.csv,28-11-2018:teams_800.csv,01-12-2018:teams_700.csv,03-12-2018:teams_730.csv,04-12-2018:teams_700.csv,05-12-2018:teams_800.csv,09-12-2018:teams_600.csv
0,241.5,287.5,217.75,257.5,233.5,264.5,246.75,268.25,259.0,312.25,271.75,246.0,248.25,259.0,310.25,276.75,316.25,243.25,308.75,259.0,255.75,293.25,299.5,234.5,239.75,267.25,260.0,246.25,182.0,253.5
1,234.25,302.25,225.5,281.75,244.0,252.25,262.0,257.25,254.75,317.25,302.5,270.25,262.25,258.5,317.5,300.75,333.75,251.5,308.75,253.25,267.25,277.75,254.0,227.25,239.5,247.25,258.5,217.75,189.75,273.25
2,270.25,286.25,261.25,292.25,248.25,251.5,240.0,294.75,246.5,310.75,309.5,250.5,250.5,270.0,289.75,324.5,336.5,250.75,317.25,255.25,290.25,267.75,274.0,249.0,251.25,256.25,244.75,222.5,201.5,228.0
3,240.5,300.25,242.5,281.75,244.0,269.25,242.75,263.25,282.75,276.25,247.5,224.25,249.25,247.0,310.5,280.0,315.75,232.5,314.5,267.25,239.0,286.75,295.25,226.5,284.0,280.25,259.25,249.25,209.25,237.0
4,227.25,259.25,191.75,232.25,254.5,280.75,233.25,281.0,258.5,271.25,286.5,256.5,237.75,269.25,287.0,262.0,344.5,250.5,301.5,255.0,263.5,295.5,280.75,219.0,302.5,260.25,289.5,251.25,177.0,211.5
5,249.5,291.25,227.0,249.25,251.75,233.5,230.25,281.25,250.5,313.0,287.5,235.0,243.5,287.0,303.75,306.0,328.75,256.75,308.0,248.25,270.25,265.5,287.5,238.75,252.0,248.0,256.25,216.25,154.75,234.5
6,237.25,254.75,219.0,238.25,242.75,249.25,262.75,284.25,277.25,306.75,264.0,241.75,271.75,278.75,314.25,318.75,309.75,269.75,299.5,242.0,286.25,271.5,297.0,229.75,289.5,255.75,255.5,223.5,161.5,275.25
7,237.25,273.0,269.0,269.25,243.75,244.75,220.25,279.0,269.25,334.0,267.25,245.0,251.5,234.5,268.75,291.25,339.5,283.5,308.0,229.75,256.5,275.25,336.75,237.75,246.0,265.25,254.25,232.25,173.25,222.25
8,242.75,292.5,232.0,264.75,265.0,270.5,267.25,282.25,260.5,277.5,257.25,237.75,211.25,269.5,290.75,260.5,320.5,258.75,286.5,249.5,266.75,265.0,264.0,232.0,285.0,260.5,251.25,228.5,194.25,243.75
9,228.75,258.75,258.75,248.0,286.75,256.25,221.0,269.75,252.25,283.75,274.5,245.5,257.5,256.0,303.5,272.25,304.75,272.5,280.0,237.25,251.5,307.75,277.5,221.5,286.0,301.5,288.0,215.0,186.5,253.75
10,238.5,266.0,220.75,232.25,260.25,280.0,228.0,279.25,254.5,337.25,255.25,259.0,272.75,271.5,306.5,270.25,327.0,235.25,289.5,249.25,253.5,331.25,271.25,231.5,226.25,273.5,264.25,234.0,174.25,253.25
11,231.5,282.25,243.0,289.5,229.5,260.5,262.0,244.5,220.5,256.25,276.75,244.25,213.25,266.75,283.5,299.5,349.0,258.75,323.75,259.75,297.75,258.5,307.5,231.0,320.5,255.75,275.75,247.75,181.0,228.25
12,213.75,282.0,243.5,279.0,223.75,248.25,233.25,266.75,264.5,285.0,273.25,252.75,247.5,277.25,245.0,306.25,338.75,272.5,336.75,254.0,254.0,272.25,295.75,241.75,261.25,281.5,285.25,244.75,229.5,294.5
13,218.5,272.25,227.5,249.25,217.25,250.75,247.75,267.75,295.0,344.25,288.5,237.5,252.5,247.5,252.25,286.5,304.5,245.5,330.25,260.5,257.0,257.5,271.75,229.5,267.5,254.75,248.5,238.75,237.25,227.75
14,243.5,287.75,250.75,238.25,268.75,285.25,245.0,281.75,280.25,282.0,335.5,232.5,271.5,247.0,281.0,282.75,326.0,269.5,323.75,243.0,252.75,282.25,278.25,238.75,279.0,263.25,262.75,210.75,178.0,281.0
15,238.75,307.25,213.75,295.25,252.5,272.0,238.5,275.75,242.25,318.0,244.25,247.75,261.75,265.25,257.5,287.75,315.5,280.75,317.25,263.5,237.5,278.25,298.0,223.75,292.75,270.25,257.0,259.25,176.5,255.5
16,271.0,273.5,235.25,252.75,275.5,257.75,220.25,289.25,276.0,320.25,270.5,245.5,255.5,258.5,288.0,246.75,331.5,269.5,309.0,253.25,256.75,337.0,342.0,241.0,275.5,271.5,254.0,231.0,176.25,295.5
17,277.0,263.75,235.25,235.5,225.75,259.5,234.75,264.75,234.0,336.0,292.5,230.75,264.75,294.5,288.75,271.0,344.5,261.75,310.75,243.75,289.0,326.75,250.0,223.25,294.5,238.0,250.5,213.5,174.25,247.25
18,227.75,285.75,235.25,253.5,235.75,281.5,238.25,264.0,295.75,268.25,242.25,279.25,279.0,257.0,292.75,283.75,324.5,274.75,301.0,247.25,263.75,268.25,275.25,241.75,257.5,277.5,289.5,215.75,230.25,246.25
19,267.75,295.5,253.5,269.25,230.25,273.5,234.5,310.75,267.75,323.0,247.5,237.0,257.5,246.75,264.5,276.0,314.5,275.0,318.0,281.5,243.25,293.25,260.5,222.75,275.5,250.0,286.25,221.0,179.5,276.75
20,234.75,281.75,247.75,274.25,240.25,263.5,229.75,250.5,216.5,318.75,272.0,223.5,247.5,258.25,297.0,280.75,337.25,258.0,308.75,223.5,264.25,282.0,268.0,233.5,254.5,240.75,286.5,243.75,164.75,274.0
21,237.5,297.0,221.5,246.75,221.25,262.5,273.0,279.75,259.0,342.25,276.0,226.5,243.75,235.5,295.75,269.5,317.75,264.0,320.5,226.75,266.5,252.0,273.0,230.5,251.5,262.75,288.0,229.25,171.5,250.25
22,240.25,300.75,206.0,249.75,253.0,264.75,258.5,288.25,268.75,274.0,282.25,240.75,217.75,275.5,272.25,288.0,329.5,283.0,319.0,260.5,256.0,269.0,281.25,253.25,237.0,274.25,253.25,219.25,184.75,251.75
23,271.5,287.25,256.75,263.75,239.0,262.0,244.25,280.5,260.75,272.25,292.0,259.0,229.25,236.5,301.75,334.75,356.25,240.5,311.5,248.25,252.25,317.25,308.5,251.75,234.0,241.25,236.75,249.0,132.75,270.0
24,249.5,287.0,241.25,233.0,243.5,270.0,248.25,298.25,251.75,307.25,300.25,274.0,265.5,271.0,278.25,330.5,312.0,268.0,302.25,216.75,256.75,310.0,316.0,232.75,262.0,262.5,262.5,204.5,225.0,249.75
25,245.0,261.5,206.0,273.0,238.0,261.0,229.75,273.25,242.5,313.0,286.25,251.75,253.75,281.5,311.75,267.25,332.25,292.75,298.0,268.0,284.5,305.25,246.75,251.25,276.25,261.0,292.75,246.5,220.0,251.25
26,261.75,274.0,277.75,249.5,250.75,244.5,234.5,288.25,241.0,313.0,299.25,248.25,234.75,266.25,290.5,297.0,326.75,264.0,312.5,255.75,245.0,302.0,286.25,252.25,263.75,264.75,264.0,228.75,195.0,248.5
27,253.5,303.5,241.25,248.0,269.5,259.25,226.0,288.0,256.25,343.75,333.5,248.0,253.25,255.75,311.5,280.75,349.0,253.25,317.75,229.5,266.5,322.5,285.5,218.25,269.5,271.5,290.0,228.5,162.5,258.25
28,267.25,277.25,218.5,262.5,236.5,274.75,249.75,294.25,232.75,284.0,262.75,253.25,265.75,235.25,319.25,269.25,308.5,268.0,306.0,236.75,247.5,306.5,239.5,224.5,231.75,278.75,259.5,218.25,196.5,252.5
29,272.75,276.25,233.25,267.75,248.5,283.75,284.0,302.75,234.5,303.0,297.25,249.0,263.5,278.75,271.75,276.0,338.5,242.5,278.5,268.0,246.25,257.75,258.75,242.25,214.25,242.5,251.25,247.25,169.25,246.25
30,237.75,295.75,265.25,284.75,289.75,241.25,253.75,259.75,240.75,280.0,281.0,268.25,244.5,291.75,271.5,301.25,347.5,256.25,311.25,255.75,264.5,257.75,281.5,192.75,295.25,247.75,277.5,225.0,193.5,226.25
31,243.25,278.75,248.5,271.5,202.25,265.0,233.5,304.25,260.75,281.5,276.5,256.75,243.0,275.25,267.0,264.25,300.5,278.75,309.75,236.0,256.5,319.75,260.5,173.75,268.75,250.0,261.0,236.25,202.0,261.25
32,221.0,247.75,235.0,274.25,270.5,286.25,231.25,265.5,232.75,274.0,278.5,233.5,270.0,254.25,301.0,266.25,320.0,260.25,270.25,268.75,254.0,306.25,297.5,264.0,257.75,258.75,258.75,256.25,182.75,260.75
33,238.75,280.0,245.75,256.5,261.25,246.0,267.0,275.5,287.5,328.0,240.5,235.25,242.5,222.75,295.75,317.75,339.5,264.5,270.0,232.0,269.5,330.5,311.0,245.0,247.75,259.0,248.25,232.5,225.5,227.0
34,255.75,240.0,258.0,289.5,265.25,240.5,234.75,281.75,252.5,248.0,297.5,255.25,239.5,257.0,273.25,235.5,351.25,264.5,308.0,249.0,247.75,267.75,251.0,207.5,258.75,265.0,274.5,255.0,184.0,273.5
35,268.5,259.5,250.0,279.0,253.5,228.75,235.25,258.0,279.75,258.75,257.0,249.5,255.25,229.0,306.25,247.25,344.75,247.75,316.5,278.25,286.25,278.25,278.5,244.0,309.25,264.5,313.25,260.5,213.75,279.0
36,258.25,270.25,251.25,262.25,244.75,254.5,235.5,294.25,259.0,295.75,269.5,233.25,229.25,274.0,277.0,245.25,293.75,294.0,279.25,241.0,250.0,271.0,280.5,210.0,276.0,243.25,272.75,215.75,222.0,229.75
37,274.0,305.25,225.5,304.0,264.5,241.0,273.0,261.0,242.0,304.75,274.5,227.0,227.5,274.5,286.25,288.5,353.0,264.5,307.25,272.5,287.5,313.0,249.25,246.0,238.5,245.75,246.25,262.25,237.25,248.0
38,269.75,267.5,223.0,293.5,266.25,258.5,216.75,279.25,229.75,323.75,304.0,262.0,254.75,263.5,304.75,295.5,324.0,302.75,270.0,261.5,256.25,305.5,262.75,234.0,234.5,252.75,264.5,244.25,213.5,253.5
39,237.0,285.75,247.0,239.5,281.5,226.75,231.75,281.75,288.25,273.75,297.0,242.25,276.5,246.25,293.75,297.75,305.5,264.5,311.25,223.75,284.25,272.75,316.0,245.5,309.25,286.25,231.5,229.5,206.0,236.0
40,262.75,271.5,228.75,243.75,293.25,295.0,243.5,278.5,225.5,307.25,283.25,239.0,269.0,263.75,282.75,327.25,338.0,227.75,308.0,224.25,255.75,306.25,332.0,216.75,277.75,256.25,291.25,231.5,180.5,291.0
41,234.25,247.75,200.25,259.25,257.75,250.5,246.5,269.25,221.75,279.0,254.75,260.25,266.5,274.25,308.75,261.5,338.5,242.25,289.25,246.0,257.25,282.0,293.5,253.25,259.0,259.0,269.75,209.25,193.75,276.75
42,268.25,286.5,241.75,267.25,241.5,276.25,263.5,296.25,260.75,258.0,287.25,258.75,240.5,244.25,293.25,292.0,349.75,260.75,283.25,231.75,257.75,282.0,265.0,184.5,259.0,253.25,213.25,214.0,228.75,234.5
43,245.5,257.75,223.0,295.25,255.0,233.75,245.0,273.5,260.25,243.5,260.25,236.75,254.75,268.5,285.25,287.75,319.25,249.5,281.75,233.25,252.75,316.25,295.0,235.0,249.75,275.5,243.25,216.5,200.5,266.25
44,232.25,261.75,236.25,252.75,240.75,259.5,253.0,297.0,217.25,304.25,291.75,241.5,259.25,259.75,247.75,293.5,330.25,244.75,338.75,214.75,251.0,335.25,312.5,225.25,300.25,262.25,287.25,227.25,250.25,276.25
45,238.75,278.75,222.0,272.0,270.25,240.75,250.25,271.25,287.25,311.25,288.75,234.5,275.75,257.25,269.75,278.0,329.0,260.75,308.25,280.0,294.25,275.25,280.75,234.5,245.0,266.25,279.5,220.75,185.75,234.0
46,223.0,285.25,233.25,270.5,284.75,255.75,241.5,266.0,259.25,271.25,281.25,258.5,256.75,217.5,255.0,332.5,344.0,239.75,340.0,265.5,264.75,289.75,334.25,256.75,267.0,228.25,263.5,225.75,215.75,210.5
47,235.5,299.5,215.0,268.25,261.75,254.75,244.25,238.0,252.25,309.25,275.0,250.0,269.5,228.5,284.5,321.5,316.5,253.5,284.75,240.75,269.25,279.25,250.25,237.75,255.5,289.0,293.75,208.25,203.0,265.5
48,244.25,269.25,236.5,265.75,245.0,240.5,226.75,269.25,257.75,318.0,270.5,271.25,260.25,245.5,271.5,259.25,335.0,242.0,328.25,242.0,254.25,285.75,292.75,201.75,281.0,243.25,284.25,220.5,222.75,251.25
49,248.5,303.5,199.5,258.0,276.75,261.75,264.5,241.75,261.0,289.0,313.5,234.5,255.25,290.25,283.0,246.75,348.25,277.5,301.75,245.25,254.0,344.5,305.25,247.0,277.5,261.0,227.75,220.25,254.5,255.5
50,246.25,282.75,247.0,231.0,259.75,261.75,212.75,300.75,240.5,285.0,223.75,254.25,244.0,268.75,285.5,248.0,319.5,261.75,333.5,260.25,294.75,268.0,311.75,256.25,265.0,304.5,246.25,214.75,198.25,228.75
51,258.25,259.5,249.5,261.5,274.0,245.25,242.25,302.25,253.5,341.25,254.0,243.75,253.5,259.25,276.5,273.0,329.5,244.75,284.5,249.5,252.25,273.25,272.75,250.75,255.75,271.0,282.25,223.0,157.75,268.5
52,239.25,289.75,265.0,235.5,270.75,255.75,225.25,293.25,274.74,318.0,268.5,254.75,252.0,261.5,315.0,241.0,315.0,277.5,309.5,241.25,297.0,315.25,239.0,237.25,252.75,280.25,260.5,241.5,197.5,248.5
53,247.75,293.75,230.75,259.5,250.75,269.0,231.75,273.5,270.75,335.0,268.0,229.75,271.0,217.0,317.25,264.75,346.75,270.0,320.5,242.25,257.0,288.5,308.75,237.0,259.0,253.75,275.5,231.25,194.5,293.0
54,253.25,310.75,244.0,253.5,265.0,259.25,234.75,276.75,285.75,286.75,297.5,234.0,251.75,240.0,262.0,258.75,321.5,245.5,338.75,245.25,278.25,292.25,306.5,208.5,249.75,278.0,279.0,230.5,212.5,271.5
55,264.25,317.5,249.5,230.0,276.5,257.25,229.25,279.75,255.75,321.75,276.75,254.0,251.75,262.0,302.0,253.0,307.0,227.75,306.25,240.5,299.0,257.75,257.0,191.75,288.0,270.5,245.5,226.5,196.0,243.0
56,249.75,257.75,250.0,257.25,265.5,281.75,250.5,288.25,267.25,289.0,277.5,262.5,257.25,237.75,299.5,292.5,306.0,264.0,292.75,226.0,247.75,326.0,318.25,229.25,249.5,252.0,259.75,232.25,207.5,249.25
57,232.75,295.0,267.75,245.25,250.0,230.75,232.25,275.0,277.5,286.75,253.5,268.25,253.25,237.0,313.5,280.75,318.75,283.5,285.25,235.0,256.5,255.0,275.0,264.0,273.0,311.75,224.75,213.0,195.75,259.5
58,230.0,271.0,226.75,246.75,260.0,249.5,231.25,262.0,261.75,274.75,258.0,244.5,262.0,291.25,307.0,265.5,344.5,233.25,320.0,246.5,250.25,283.75,236.25,245.0,294.5,259.25,276.25,245.0,184.5,239.0
59,235.5,285.0,230.25,266.5,212.75,296.75,228.5,286.75,277.5,332.5,281.25,268.5,244.0,280.75,270.0,281.75,296.0,253.0,314.0,211.0,246.25,285.75,278.25,226.75,310.0,252.0,224.0,245.25,185.5,259.25
60,268.0,256.75,251.75,246.75,227.0,263.25,273.0,289.75,235.25,282.75,282.0,258.0,243.75,224.25,300.0,293.5,318.0,289.0,311.75,264.25,253.75,259.75,317.0,247.0,256.25,284.25,279.25,225.25,191.5,223.75
61,263.75,291.75,249.5,256.0,233.25,266.0,264.25,281.5,242.0,286.25,274.0,269.0,266.75,273.0,286.5,315.75,319.0,259.25,312.5,235.25,260.0,274.0,301.5,217.0,220.5,263.75,222.75,225.0,164.5,262.25
62,261.25,254.75,215.25,259.25,214.25,246.0,266.25,279.75,280.5,295.5,278.5,243.5,243.25,294.75,257.0,258.5,340.25,247.0,321.25,252.0,258.25,306.5,263.0,226.75,233.0,275.75,293.5,243.0,204.75,237.75
63,240.75,274.25,244.0,286.0,268.5,275.5,248.5,280.5,236.5,295.25,289.0,256.0,227.75,215.0,283.5,333.75,339.5,249.5,310.75,239.75,270.25,270.75,296.25,226.25,286.25,260.5,294.75,254.5,264.25,229.5
64,271.75,285.0,262.0,253.25,285.75,253.0,221.75,271.5,274.25,315.75,303.25,233.0,270.25,244.75,263.0,329.5,322.25,278.25,306.5,236.0,258.75,273.0,254.25,260.5,263.25,254.75,295.0,222.25,187.25,213.5
65,274.0,259.5,256.5,275.5,246.0,252.0,244.75,268.0,268.5,269.0,285.5,252.25,242.0,252.5,276.75,272.5,311.5,249.25,321.0,238.0,253.5,259.5,271.0,237.75,261.0,250.75,285.25,219.5,245.25,255.0
66,234.25,276.5,239.0,256.75,285.5,273.0,242.5,258.75,278.75,300.75,300.75,236.0,231.75,265.0,253.25,266.75,333.0,253.0,290.75,245.75,269.0,256.0,336.25,232.0,259.75,273.5,252.75,218.75,195.0,240.75
67,238.25,246.25,231.75,232.75,268.25,271.5,224.5,246.5,301.49,309.75,265.75,276.5,246.75,252.0,294.0,286.75,316.75,287.0,314.75,233.5,256.75,258.75,310.0,284.75,259.75,259.0,260.5,263.75,212.0,256.5
68,253.0,245.25,254.75,249.25,227.75,276.0,241.5,266.25,251.25,286.25,256.75,235.75,208.25,256.75,321.5,270.0,302.5,255.0,290.0,286.5,247.0,265.5,253.25,265.75,304.25,247.5,250.0,221.5,195.5,261.75
69,250.25,220.75,219.75,275.5,220.75,242.25,258.5,295.0,267.5,301.25,271.75,248.0,271.5,245.5,307.75,275.5,343.25,233.25,318.0,250.5,275.5,267.5,251.0,234.5,250.5,279.5,292.25,221.5,204.5,212.25
70,255.75,288.75,220.25,244.75,231.75,235.0,240.0,263.0,260.25,307.5,249.25,261.0,233.0,235.25,326.75,283.25,323.0,233.75,284.5,226.25,239.75,267.5,282.75,232.75,253.0,253.5,308.5,216.0,199.5,233.75
71,244.75,268.25,216.75,257.75,211.75,256.5,237.5,276.5,274.5,286.5,283.0,254.25,242.5,280.25,270.5,251.0,324.5,263.5,304.5,240.0,250.5,332.75,306.5,210.25,243.75,262.5,217.75,226.25,207.75,256.75
72,267.25,300.0,239.25,287.75,211.0,245.75,236.75,264.0,229.25,300.75,278.5,254.0,254.0,230.25,322.0,239.25,314.25,252.5,300.0,274.25,239.5,279.5,333.25,233.0,274.25,262.0,288.5,237.75,199.0,240.25
73,242.5,261.75,201.25,273.0,230.75,257.25,225.75,267.25,261.25,256.5,316.25,261.75,255.25,276.5,276.0,284.75,322.5,239.5,305.5,248.0,248.5,265.5,285.25,258.0,267.75,270.25,251.75,190.25,227.75,236.75
74,280.75,276.75,255.5,291.0,280.75,269.5,248.25,282.5,237.75,294.5,283.5,273.75,262.5,279.25,284.25,257.5,339.5,269.25,301.25,273.5,265.5,326.5,305.75,239.0,265.5,262.25,263.5,228.0,212.25,276.5
75,231.75,308.25,242.25,268.75,287.25,242.0,218.75,285.75,221.25,256.5,298.75,256.0,256.0,245.75,321.5,322.75,336.0,266.25,311.0,245.5,256.75,248.75,293.25,256.75,265.0,237.5,266.0,252.5,202.5,212.25
76,243.0,275.25,208.0,278.75,281.0,279.5,265.0,240.5,248.0,316.25,255.5,257.0,235.25,285.5,287.0,257.75,310.75,247.0,283.5,256.5,279.0,316.25,261.0,254.75,308.5,228.25,285.75,208.0,210.5,215.25
77,234.25,252.0,239.25,241.75,270.25,263.25,229.75,260.5,252.75,291.5,293.5,254.0,228.75,246.75,274.5,269.5,317.25,237.75,318.25,238.0,253.0,277.5,287.0,242.5,233.25,257.0,232.25,221.0,184.25,231.0
78,241.25,272.5,222.5,249.5,261.25,258.75,254.25,291.25,271.0,306.0,288.25,256.25,246.75,253.0,301.0,331.25,328.75,255.25,278.75,245.75,243.5,330.25,270.5,187.0,224.5,263.0,265.75,251.75,226.5,236.25
79,248.5,273.25,232.75,262.5,254.0,250.5,261.25,270.75,257.0,335.5,239.0,237.25,218.75,261.5,274.5,294.0,347.75,263.5,278.5,255.25,295.0,284.75,245.25,237.0,292.5,263.25,280.0,243.75,200.25,231.25
80,273.25,297.5,251.75,290.75,276.0,226.5,259.75,286.25,229.0,329.5,285.75,238.0,245.75,285.75,298.5,289.75,327.0,281.25,290.75,266.75,253.5,246.25,300.75,200.25,224.0,270.75,229.25,240.75,152.75,251.0
81,252.25,277.25,262.25,268.25,260.5,285.0,277.5,260.0,240.0,302.25,291.5,238.5,270.5,222.75,248.25,279.0,329.75,252.5,287.75,254.5,243.5,269.25,295.5,209.25,214.25,243.0,256.25,241.0,245.75,249.0
82,251.5,264.0,254.75,264.0,244.5,270.5,241.5,284.75,251.25,283.0,314.25,236.5,255.75,282.25,298.0,261.75,291.0,243.5,311.75,227.75,234.25,265.75,280.25,221.75,273.75,257.25,261.75,236.75,191.0,214.75
83,228.25,274.25,257.75,290.25,229.5,237.0,265.75,287.75,262.25,266.25,276.5,268.0,266.5,257.0,277.5,299.25,341.5,257.5,281.75,239.25,247.75,259.75,314.75,207.25,253.5,243.5,228.5,216.75,204.25,251.0
84,244.25,298.5,243.25,245.25,291.5,295.0,258.0,290.25,253.5,283.75,266.0,238.5,267.5,264.5,324.0,331.5,322.75,237.5,311.75,244.75,245.5,260.5,270.25,202.75,264.5,229.25,280.25,240.75,201.25,262.0
85,223.0,308.5,239.5,277.0,245.5,258.0,240.5,270.0,221.0,273.25,267.5,257.25,211.5,245.25,258.5,273.75,313.0,266.75,272.0,226.0,266.0,291.5,240.0,188.25,302.0,296.75,249.0,241.75,189.75,227.5
86,282.25,245.75,223.5,280.25,264.25,248.75,226.0,288.5,245.0,276.25,303.5,269.0,251.25,270.5,287.25,303.5,335.25,255.25,278.5,243.75,284.5,246.5,213.25,206.0,274.25,250.25,294.5,236.5,202.75,250.5
87,249.75,255.75,249.75,279.75,252.5,291.75,260.25,257.5,243.0,327.5,259.5,261.75,274.25,293.75,300.5,263.25,333.75,281.5,300.0,283.25,300.0,314.0,273.0,238.75,241.25,245.0,227.25,225.5,214.5,269.0
88,212.0,284.5,227.5,263.0,264.25,277.75,251.25,287.0,289.5,286.25,288.0,250.5,252.75,287.75,310.75,275.0,307.0,248.25,307.0,238.75,255.75,284.75,252.0,228.0,296.25,243.75,295.75,224.0,190.5,207.5
89,239.5,266.75,267.25,264.25,217.25,253.5,251.5,308.75,251.5,282.5,256.25,249.25,256.5,245.5,290.75,269.75,335.25,255.25,302.5,248.5,271.5,304.0,291.5,223.25,273.75,260.75,289.75,254.0,181.25,225.5
90,217.5,278.25,222.25,292.25,223.25,274.0,258.0,263.25,226.0,262.25,247.25,256.5,257.25,240.25,279.75,273.0,306.25,294.0,309.75,253.0,237.25,291.25,233.0,218.5,284.75,295.25,285.75,266.0,199.25,272.0
91,265.75,270.5,221.5,232.5,224.0,271.75,277.5,238.25,240.75,311.0,261.25,236.75,283.25,263.5,294.75,269.5,347.0,276.5,311.25,234.75,256.75,289.25,235.0,222.0,292.75,259.0,277.25,213.0,221.75,242.75
92,249.75,264.75,224.0,278.5,259.5,274.5,231.25,285.25,243.25,340.0,243.75,236.75,239.0,254.75,289.0,257.0,318.25,247.75,270.25,217.5,249.25,328.5,231.0,252.25,244.75,232.5,291.5,237.75,251.5,241.75
93,262.25,291.75,243.25,245.25,283.5,273.0,234.75,274.0,254.25,291.75,241.5,251.0,282.5,244.25,324.0,252.75,305.75,255.75,283.5,234.0,277.75,265.0,256.25,229.5,281.75,252.25,250.5,230.75,179.0,274.25
94,232.75,300.0,237.0,288.25,225.75,229.75,224.5,228.5,212.75,247.0,321.25,245.25,200.5,253.5,311.75,279.25,318.0,280.0,281.25,258.25,265.25,285.75,278.25,223.75,210.5,284.25,224.25,238.75,171.0,260.0
95,239.25,264.5,220.5,265.25,296.25,298.5,222.5,264.25,223.5,262.0,264.0,272.75,282.0,223.75,266.0,270.5,340.25,276.5,301.25,269.75,251.75,249.5,253.25,234.75,280.0,276.75,297.5,259.25,208.5,245.75
96,238.25,271.5,281.75,304.0,283.75,262.75,242.5,292.75,235.25,299.5,299.25,239.25,225.0,267.25,290.75,268.75,334.25,270.5,319.75,259.5,256.5,287.25,316.5,226.5,201.25,242.0,275.25,231.0,213.0,271.5
97,238.25,306.5,203.0,296.0,242.75,250.75,260.0,305.0,263.75,256.25,260.25,277.75,252.25,279.0,265.5,266.75,357.0,261.5,282.5,239.0,239.75,271.0,248.0,219.75,262.25,261.5,289.5,241.25,212.75,245.25
98,216.75,272.5,199.5,271.5,322.75,274.5,238.75,280.5,246.75,309.0,286.0,264.0,268.75,268.5,336.25,309.0,323.75,248.25,272.0,276.5,286.75,250.25,272.0,276.5,272.5,256.25,252.75,259.5,205.75,246.5
99,305.5,235.25,231.25,229.5,257.5,248.0,235.25,235.25,237.0,309.0,290.0,261.0,266.5,263.75,263.0,326.25,342.75,244.0,310.5,292.0,258.25,302.25,281.75,239.75,266.25,273.75,253.75,216.75,158.5,217.25
100,247.75,244.0,233.0,236.5,242.25,281.0,230.75,238.5,255.25,306.5,281.5,256.0,283.0,280.25,255.25,268.25,344.5,276.5,278.5,242.75,257.75,292.75,228.0,230.0,301.25,269.75,283.5,237.0,229.75,277.5
101,206.75,293.5,249.5,245.25,246.0,277.75,218.5,294.5,257.0,300.5,326.25,249.25,269.25,240.0,312.75,307.5,322.0,255.75,303.25,232.75,238.25,264.5,303.5,224.5,249.5,248.25,272.25,226.5,221.5,216.25
102,254.75,269.75,272.25,277.75,267.25,280.5,219.75,282.75,238.75,329.5,254.25,246.5,247.75,293.5,341.75,291.75,327.5,290.0,312.75,264.5,237.5,312.75,277.0,227.75,283.5,265.25,271.25,223.75,203.0,248.75
103,234.25,282.25,256.75,285.5,274.25,279.0,273.0,314.75,238.5,261.0,272.75,214.75,278.25,259.0,311.5,311.0,326.25,240.5,273.0,258.0,262.75,288.75,219.5,202.0,262.25,293.25,280.25,235.5,233.25,268.0
104,229.25,283.25,234.75,293.5,234.5,255.25,231.25,267.25,257.5,333.0,266.5,261.25,224.5,248.5,276.75,287.0,338.75,261.5,255.5,210.5,265.25,250.25,284.75,177.25,204.5,247.0,285.0,229.0,168.5,247.75
105,256.75,260.0,231.25,278.0,241.75,281.25,229.5,253.5,265.5,277.25,292.25,229.5,234.0,271.25,285.25,264.25,310.0,265.5,311.75,236.75,287.75,309.25,244.75,224.75,290.5,243.75,286.5,231.75,188.25,220.25
106,238.75,273.75,243.75,263.25,255.75,304.5,248.25,256.75,255.75,283.0,273.75,259.25,246.25,248.0,318.25,290.75,317.0,262.0,304.25,250.25,275.5,255.75,205.75,239.25,280.25,273.5,258.75,228.75,216.25,242.75
107,232.75,288.75,215.75,245.0,248.5,239.75,216.75,279.5,223.0,267.75,274.5,248.5,276.0,281.75,252.25,268.0,339.75,270.25,290.25,246.0,252.0,269.5,323.25,249.75,292.25,247.5,281.0,226.0,196.5,246.0
108,233.0,269.25,249.5,275.5,242.25,256.5,234.0,280.5,247.0,259.0,278.75,250.0,245.0,263.75,288.0,274.5,339.25,242.75,302.5,233.25,252.5,310.75,240.75,248.5,235.5,251.25,282.0,236.5,221.75,254.75
109,238.5,277.75,245.0,267.5,237.25,260.25,267.5,241.75,256.25,322.25,279.25,245.0,250.75,255.25,297.75,270.25,335.0,256.0,311.25,239.75,266.5,347.5,254.25,217.75,284.75,265.25,225.5,246.25,169.25,280.0
110,244.0,274.25,243.75,258.0,221.5,242.25,239.0,283.75,251.0,356.5,259.25,238.5,262.25,269.75,279.5,303.75,321.75,223.5,291.75,227.5,237.25,252.0,242.0,211.0,231.25,299.25,294.75,262.25,215.5,278.25
111,216.25,286.75,226.75,265.75,291.25,254.0,263.5,260.25,257.25,316.5,294.75,243.75,216.5,242.75,329.0,247.5,350.5,259.25,312.5,234.25,290.5,301.25,256.5,178.75,248.25,260.5,248.75,237.25,190.5,240.25
112,216.75,263.75,263.0,281.25,261.25,263.5,245.0,311.0,252.24,301.75,278.25,235.75,259.25,243.0,336.75,283.75,316.75,253.0,312.25,278.75,259.75,323.75,291.0,200.0,242.5,271.25,265.5,233.25,216.75,219.75
113,240.75,288.25,251.5,241.25,271.5,274.25,241.25,247.75,254.25,297.25,339.25,237.75,268.75,265.75,346.0,305.25,331.75,228.25,340.25,232.5,238.0,273.0,300.5,231.25,285.75,257.75,294.0,219.75,202.75,240.5
114,222.25,259.5,262.0,265.25,228.75,239.0,220.25,258.5,253.25,264.5,233.0,237.75,182.25,282.75,274.25,281.75,352.75,251.5,278.75,265.5,241.25,278.0,283.75,204.75,184.75,279.25,292.75,213.0,258.0,257.75
115,232.0,298.75,193.0,261.25,243.0,260.0,250.25,282.75,257.0,328.25,258.25,251.0,279.75,285.5,265.25,283.0,328.75,270.25,291.25,233.0,235.5,313.75,285.0,213.5,233.25,286.5,289.5,244.0,203.5,230.0
116,269.25,299.5,234.0,247.5,235.25,269.75,255.75,297.75,242.75,342.75,259.25,243.75,241.25,270.0,288.25,257.5,327.75,262.5,297.75,249.5,271.75,285.0,274.75,229.0,275.0,240.0,273.5,238.0,209.0,234.5
117,208.0,270.75,276.75,255.25,263.75,260.75,241.5,226.0,256.5,309.0,288.0,244.75,241.0,240.5,255.0,265.25,346.75,240.75,293.25,247.75,255.0,282.75,298.5,199.0,295.5,237.0,271.5,224.5,167.0,252.0
118,265.0,261.0,259.0,270.75,260.75,273.25,244.25,260.0,259.25,293.25,267.5,256.5,235.5,216.0,305.0,302.75,287.25,221.5,283.75,265.5,284.5,312.5,283.5,249.5,228.5,280.0,274.25,193.25,178.5,232.5
119,227.75,277.25,266.5,261.25,243.75,242.0,238.5,247.75,243.99,337.75,279.5,253.75,228.5,285.5,358.5,289.75,333.0,259.25,326.75,271.5,282.75,282.75,241.75,216.75,265.75,254.75,302.5,251.25,167.0,243.5
120,253.25,254.0,230.0,254.75,227.25,219.5,276.75,298.5,239.25,304.25,263.5,270.75,289.0,269.75,322.5,286.5,306.5,251.0,295.75,259.25,260.25,308.75,343.5,197.75,256.25,259.0,271.25,235.25,172.0,259.25
121,229.5,273.0,261.25,231.25,258.0,284.25,276.25,286.5,203.0,283.0,270.75,231.5,241.5,259.25,281.5,288.25,303.0,272.25,284.5,248.75,264.5,282.5,277.5,239.75,271.25,273.0,281.5,230.0,193.75,233.0
122,214.75,290.0,228.25,277.5,293.75,267.75,258.0,239.25,247.0,284.75,266.25,254.5,269.25,270.75,254.75,288.5,325.25,244.0,305.75,284.75,304.0,342.0,251.25,227.25,257.5,251.5,289.75,252.25,200.0,265.75
123,232.25,283.0,223.25,267.75,271.5,291.0,240.5,300.75,266.75,270.75,268.75,237.25,227.5,267.0,264.75,234.0,349.0,261.25,272.25,284.0,238.25,259.25,269.25,212.75,266.25,266.25,246.0,231.25,223.5,274.25
124,208.25,308.5,280.0,276.0,262.5,271.5,264.5,231.75,231.0,306.0,266.25,254.25,268.5,262.5,290.25,276.0,345.5,240.75,310.25,260.75,269.0,304.75,281.0,238.5,265.0,237.5,278.25,211.5,198.25,240.0
125,234.25,289.0,237.25,250.75,248.75,214.75,251.0,269.0,238.75,311.5,264.5,217.5,302.5,252.0,337.75,258.25,318.25,253.5,342.0,244.5,235.0,286.75,294.5,249.0,247.0,256.25,270.5,211.75,203.5,257.25
126,250.5,230.5,243.0,272.75,271.0,238.5,255.25,306.75,265.75,301.0,284.5,241.25,245.0,289.0,265.75,232.0,346.0,246.0,340.5,241.75,308.75,249.5,306.25,252.5,282.5,228.5,291.25,241.0,177.0,229.25
127,208.25,291.5,224.0,269.5,278.25,241.75,239.75,244.25,221.75,306.0,273.25,239.0,266.0,249.0,349.75,336.75,344.75,286.5,301.0,263.75,252.25,320.5,263.25,233.5,203.75,261.0,242.75,233.5,213.25,234.0
128,239.75,273.25,261.25,292.5,269.25,245.75,246.5,245.25,268.75,348.0,277.25,235.0,205.25,224.25,252.25,313.75,319.5,252.75,300.75,232.25,248.75,296.5,244.25,249.25,280.5,255.0,273.0,253.75,195.0,232.0
129,245.75,260.75,222.25,273.75,209.5,265.5,236.0,248.75,279.25,244.5,262.75,251.5,252.25,281.5,272.75,288.0,325.5,264.75,292.75,251.0,269.0,271.75,275.75,220.25,264.5,252.0,268.5,246.25,212.25,254.5
130,238.5,279.25,223.5,267.75,260.25,242.0,247.5,293.25,250.25,339.25,277.5,266.25,294.75,247.75,317.75,291.75,327.25,248.0,283.5,238.75,244.5,275.5,235.75,265.5,302.75,263.25,288.5,234.5,176.0,253.75
131,237.0,298.75,255.75,257.25,233.0,253.5,244.75,268.75,266.0,340.25,301.75,283.25,265.75,262.0,324.25,318.5,338.25,283.25,284.0,253.5,267.25,267.0,272.5,201.25,262.75,244.0,243.0,251.0,206.25,273.0
132,245.25,284.5,220.25,243.0,257.75,266.0,258.25,263.75,202.75,300.75,305.5,221.75,213.75,310.75,307.0,331.5,340.25,235.0,284.75,254.0,259.5,280.75,274.5,218.25,254.25,306.0,239.75,205.75,237.0,252.75
133,224.5,288.0,208.5,250.75,227.75,251.75,229.0,305.25,240.25,306.25,301.75,250.5,267.25,233.75,292.5,313.0,309.5,261.25,310.0,243.75,241.25,232.0,290.5,228.25,248.5,269.25,242.25,229.0,218.0,267.25
134,239.75,260.5,259.25,265.5,246.25,253.5,231.25,270.5,255.5,320.25,306.75,224.0,265.5,271.5,290.0,295.0,354.25,275.5,334.0,241.75,251.75,260.0,333.0,226.5,275.0,289.0,258.25,239.5,176.5,214.75
135,251.5,255.75,214.5,265.5,248.75,275.5,224.5,259.25,271.25,346.5,265.5,240.0,242.0,249.25,320.0,290.75,350.5,237.25,294.25,231.5,258.0,314.0,285.0,215.25,285.5,256.5,284.0,202.25,232.0,243.0
136,215.75,292.0,262.0,237.0,240.0,273.25,237.0,283.25,257.75,298.0,274.75,257.5,238.0,235.75,329.0,277.75,343.25,256.5,293.75,271.5,252.25,296.0,304.25,215.5,265.0,246.75,239.0,252.75,224.5,232.25
137,263.25,313.25,236.0,261.0,233.75,274.5,248.75,281.75,222.5,301.75,270.25,233.5,201.25,242.5,321.75,273.5,352.0,262.25,305.0,229.5,261.25,299.75,271.5,231.5,283.0,278.0,221.5,292.0,159.0,215.0
138,239.5,298.25,252.25,257.25,238.0,267.5,216.5,297.75,251.0,284.0,264.25,228.75,256.0,241.75,296.0,298.5,318.0,286.5,317.75,282.75,276.0,351.25,258.0,208.0,239.25,287.5,264.25,243.0,173.75,232.5
139,235.5,267.25,273.75,238.25,289.5,248.5,243.25,274.0,247.75,320.0,281.0,241.25,246.0,278.75,304.75,272.25,314.5,239.0,286.25,280.0,262.5,267.75,311.75,221.75,278.75,261.5,235.75,223.75,194.0,209.0
140,235.0,272.5,239.5,272.0,266.25,272.25,241.0,277.25,236.0,320.25,273.75,254.75,262.5,240.0,326.25,268.0,324.5,264.75,304.0,278.0,259.5,262.5,308.5,246.0,268.75,276.0,222.25,249.5,228.75,292.75
141,269.25,278.25,237.25,276.0,220.0,257.5,254.0,294.75,194.5,262.75,239.75,258.0,237.25,276.5,228.75,295.5,310.25,266.75,293.5,270.5,264.0,274.25,278.0,228.75,314.0,270.0,245.25,229.25,178.75,276.0
142,254.5,269.0,208.5,265.75,260.0,254.0,250.5,270.75,213.0,282.0,297.75,244.75,239.0,261.25,316.25,279.25,342.5,275.5,321.0,258.25,261.5,296.25,282.0,216.25,251.25,294.0,295.25,248.0,146.75,218.0
143,243.5,299.25,258.25,231.0,237.25,282.0,240.0,275.0,258.0,275.5,293.5,215.0,264.5,254.5,264.25,249.0,339.5,256.5,311.25,228.75,252.25,308.0,284.25,221.75,225.25,259.5,310.25,212.5,153.75,233.75
144,288.5,282.25,255.25,226.5,260.25,234.5,233.75,281.25,242.25,294.5,294.25,239.5,230.75,254.5,309.75,249.5,321.25,261.0,312.75,266.5,254.75,315.5,287.5,239.0,228.25,266.25,292.0,215.5,201.25,243.5
145,218.0,252.75,251.25,239.5,249.75,258.25,245.75,256.75,219.75,252.0,275.75,260.0,215.5,266.5,304.25,324.5,326.0,268.0,263.75,254.5,252.0,293.25,272.0,217.5,307.0,235.75,258.25,213.25,185.5,275.25
146,211.0,272.25,221.75,257.25,265.5,269.5,242.75,296.5,231.25,249.0,262.0,232.5,232.75,246.5,272.75,327.5,336.5,262.25,284.5,263.0,246.25,261.75,284.25,205.0,279.75,244.25,251.0,221.5,163.75,240.25
147,267.75,237.0,254.25,261.5,242.0,261.25,222.5,280.75,249.75,299.0,247.0,219.0,278.75,250.5,283.5,294.75,321.25,274.75,312.75,256.5,245.0,222.25,297.75,205.25,283.0,264.0,280.75,243.25,219.0,295.75
148,249.75,265.0,266.5,267.0,222.5,254.25,232.25,276.5,263.25,282.25,237.25,245.0,265.0,249.5,266.5,261.25,333.75,257.0,303.5,264.25,265.0,325.5,274.75,201.75,236.25,256.0,230.0,225.75,206.0,214.5
149,248.5,283.0,247.25,275.5,259.0,306.0,228.5,312.75,260.25,268.25,281.0,249.0,280.75,275.25,305.5,247.5,315.0,286.0,272.25,279.25,262.5,251.0,287.75,231.0,273.75,260.25,259.25,237.5,232.25,252.0
150,247.5,262.5,228.5,242.5,204.75,239.5,231.25,277.25,246.75,264.75,291.25,263.5,259.5,225.5,272.5,259.25,264.75,247.5,342.0,315.25,253.0,327.0,328.5,182.75,227.0,245.5,293.75,224.5,165.5,231.75
151,232.75,297.0,258.25,259.5,252.75,261.75,237.75,278.25,258.25,340.5,292.75,268.0,292.25,269.75,319.75,260.75,345.5,294.5,269.75,236.25,290.5,295.0,256.25,235.5,265.25,241.75,290.5,234.0,227.25,248.75
152,222.5,258.5,213.75,271.5,273.25,258.75,252.0,261.0,204.75,303.75,303.75,268.0,265.5,250.5,291.25,293.5,329.75,275.0,309.5,252.0,260.5,307.5,252.0,235.25,249.0,249.0,271.5,242.0,205.25,208.5
153,230.75,276.75,190.75,254.0,272.75,255.0,260.75,277.25,243.0,334.5,300.0,265.75,243.75,279.75,259.75,304.75,320.25,291.25,308.0,287.75,300.75,331.75,289.75,220.75,294.0,232.5,293.25,241.0,225.0,227.25
154,243.75,296.25,269.75,274.0,285.25,247.25,257.0,291.75,231.0,306.5,258.5,277.5,276.75,269.25,345.5,337.0,297.5,245.0,296.0,237.75,248.5,299.5,287.75,248.25,256.25,238.75,258.0,225.0,186.5,244.5
155,235.25,262.5,201.5,256.5,247.75,266.0,262.25,277.25,266.5,274.75,268.25,276.0,268.0,255.75,309.0,264.75,326.75,226.5,294.5,225.5,240.5,289.75,246.75,243.0,256.0,261.75,272.75,206.75,236.5,275.5
156,254.5,260.5,254.0,247.25,218.5,307.5,211.75,280.0,249.75,305.25,293.25,242.25,249.0,217.5,305.75,266.5,315.25,283.5,287.0,270.75,263.25,308.75,297.25,223.0,281.5,273.75,287.0,216.25,247.75,247.5
157,269.75,292.5,231.75,282.75,236.75,255.5,252.25,224.0,252.75,297.25,316.25,250.0,261.75,259.0,286.25,261.75,333.0,296.0,304.75,244.75,263.5,296.25,239.75,260.5,281.25,256.25,274.0,263.75,160.5,217.5
158,252.25,248.75,245.0,236.75,233.25,281.0,245.0,297.25,239.75,304.5,282.25,224.75,218.75,278.0,308.75,261.5,344.5,257.5,314.5,264.0,272.5,280.75,319.25,225.25,276.25,251.5,255.25,248.75,153.5,295.25
159,250.5,269.75,218.0,246.75,228.25,250.0,221.75,282.25,281.5,297.75,297.5,238.25,245.75,251.0,289.75,263.25,301.5,286.0,321.75,258.5,256.0,295.25,276.25,240.0,225.5,243.75,272.0,206.5,215.25,281.25
160,226.0,252.75,263.75,296.5,239.25,272.25,248.5,281.25,252.0,293.75,308.75,271.75,260.75,261.5,276.5,295.25,298.0,257.0,323.25,262.0,246.75,263.5,202.5,262.75,205.5,268.5,254.5,216.0,244.0,230.25
161,248.5,243.5,229.5,270.0,219.75,259.5,239.5,265.25,238.5,332.5,293.75,268.25,254.75,216.75,294.25,291.0,329.75,262.25,277.75,241.5,260.25,288.25,277.75,206.25,249.0,257.5,260.0,260.0,207.0,250.5
162,269.25,303.5,225.0,245.25,261.0,233.75,204.75,300.25,250.0,307.5,304.25,243.25,231.25,315.25,285.5,293.75,328.5,233.25,314.0,235.0,260.75,294.5,214.5,241.5,283.25,258.5,311.5,232.25,223.75,296.75
163,209.5,291.25,258.25,248.75,227.25,249.75,239.75,295.75,306.5,302.25,279.75,260.75,263.75,262.5,292.25,259.5,339.75,275.0,312.5,264.0,259.5,321.25,258.5,215.0,203.75,254.5,256.0,251.25,210.5,234.0
164,230.5,275.5,216.25,274.0,255.0,257.5,238.0,298.75,268.75,351.5,290.0,264.25,230.5,252.0,279.5,297.0,308.25,251.25,301.5,226.75,241.0,322.25,245.0,243.75,200.0,246.0,278.0,233.5,190.0,241.75
165,284.5,245.75,234.5,286.0,270.5,246.75,238.5,301.0,223.0,290.0,299.0,240.75,243.5,259.5,266.25,307.5,320.25,241.25,317.5,256.5,252.0,341.25,267.5,257.25,273.25,288.25,292.25,248.25,202.0,270.25
166,231.5,298.0,260.0,259.5,254.25,261.25,244.75,261.25,280.75,272.25,282.25,260.0,191.75,211.0,309.0,260.25,284.0,211.5,288.0,280.25,226.75,289.75,272.0,234.25,274.0,299.5,276.25,231.0,203.75,226.25
167,203.5,250.0,253.25,261.0,243.25,253.25,236.0,245.75,245.75,314.0,298.75,288.75,260.0,249.75,271.75,283.25,313.5,283.5,309.75,272.0,293.5,269.5,292.0,229.25,325.5,251.5,255.0,208.75,228.5,229.75
168,244.75,308.25,216.0,265.5,240.0,261.5,233.5,296.5,231.75,281.25,241.25,247.75,258.5,219.5,317.25,278.75,340.5,251.5,322.5,253.75,269.5,317.25,248.0,253.25,243.25,247.0,252.25,250.75,209.5,250.0
169,259.75,291.75,216.25,292.25,224.25,247.0,249.25,299.75,252.49,311.5,278.5,234.75,284.25,265.0,256.0,300.5,313.25,257.25,277.0,259.75,251.0,300.0,268.75,241.25,294.25,252.25,256.5,253.5,203.25,263.0
170,235.75,292.25,218.25,243.25,257.5,262.25,271.0,271.5,250.25,305.5,227.0,250.75,253.25,256.0,258.75,267.0,321.75,236.5,294.0,204.25,247.0,281.75,275.25,232.0,241.75,260.0,251.5,214.0,199.25,239.0
171,275.75,259.25,222.5,281.0,293.75,256.75,229.0,270.75,273.5,266.0,235.25,251.25,229.75,255.75,278.25,238.75,335.25,312.0,315.25,240.25,243.0,310.25,266.75,245.25,234.0,248.75,248.25,244.25,235.75,261.75
172,235.75,283.75,255.0,251.75,332.75,282.5,208.5,298.75,245.5,318.5,279.0,262.75,237.75,207.5,285.5,232.75,320.5,247.25,314.0,246.25,260.75,295.0,291.0,269.0,307.75,273.5,269.5,245.25,166.25,226.75
173,221.5,236.0,225.25,238.75,255.25,243.5,215.75,288.75,236.75,299.25,272.5,229.25,224.0,256.0,281.25,261.0,338.0,304.25,263.5,263.25,303.75,344.75,240.0,240.0,252.25,312.25,253.0,225.0,198.25,228.25
174,193.25,270.0,266.0,293.0,227.0,267.5,234.5,267.0,277.75,284.5,321.5,264.25,234.0,245.5,293.75,250.5,314.0,251.25,287.75,235.0,281.0,308.25,225.0,231.5,291.25,253.0,290.0,245.5,172.25,269.75
175,226.75,297.0,222.0,274.25,210.75,285.75,236.0,270.5,263.5,320.75,249.25,225.75,247.0,267.25,336.5,262.75,334.75,253.0,306.0,257.0,251.0,206.0,289.25,236.75,235.25,244.25,267.75,225.25,193.25,243.5
176,242.5,276.0,253.0,288.25,247.25,240.5,293.25,274.25,263.5,242.0,286.25,273.75,268.25,272.25,319.0,259.75,325.25,250.5,275.75,270.75,265.0,266.25,301.5,228.0,280.5,253.75,274.0,265.25,167.25,255.75
177,235.25,295.5,229.5,234.25,233.5,269.25,240.0,304.5,228.75,321.5,278.75,260.75,230.5,240.5,269.0,244.5,294.75,256.25,299.25,254.75,249.75,269.5,238.5,219.0,328.25,252.0,221.75,242.0,227.25,282.75
178,224.0,246.25,206.75,251.75,220.0,239.5,261.25,289.25,258.25,307.75,269.5,225.75,256.5,281.75,324.25,339.5,335.0,236.25,303.25,244.5,243.0,277.0,244.75,204.5,217.75,237.75,262.5,242.25,272.0,223.0
179,233.0,298.0,260.5,232.75,230.25,268.75,231.25,228.0,248.5,280.25,307.5,233.5,251.0,273.5,303.75,248.5,337.75,241.75,301.75,244.75,296.0,299.75,304.0,213.25,285.25,252.0,313.75,217.75,209.75,259.75
180,235.75,300.25,251.5,250.75,251.0,267.75,274.5,301.0,264.0,313.0,260.0,220.75,237.5,269.75,360.5,263.0,333.75,282.25,307.0,253.0,254.5,279.75,278.75,212.0,301.0,249.75,259.25,207.5,161.75,293.0
181,252.0,274.75,244.0,263.5,235.25,278.0,231.75,295.75,267.75,254.75,314.25,240.75,257.5,288.75,306.0,276.25,306.75,282.0,268.75,223.0,272.25,270.0,260.75,240.75,216.5,250.5,285.5,262.5,207.75,228.25
182,266.75,274.0,254.0,270.5,221.25,280.75,236.75,245.5,279.0,307.75,270.0,235.0,195.0,237.0,235.75,327.0,307.75,269.25,257.0,245.5,269.0,273.0,285.75,209.75,272.0,260.5,276.75,224.75,178.25,226.25
183,237.0,258.25,251.25,258.5,275.5,247.0,261.0,266.0,255.25,283.25,309.75,241.0,251.5,216.75,283.5,292.75,335.25,248.25,285.25,232.0,267.25,259.0,239.5,264.25,300.0,270.5,287.0,251.5,191.25,238.25
184,229.5,295.5,266.0,269.5,292.75,239.25,240.5,264.75,220.5,334.0,282.0,270.0,241.25,231.25,293.5,322.75,305.75,248.0,286.75,271.75,220.5,307.75,260.75,246.25,236.0,256.25,266.5,232.5,166.75,261.5
185,241.25,292.5,238.5,263.75,215.25,250.25,249.25,272.0,270.5,333.25,279.0,257.0,254.25,274.5,303.5,271.5,349.25,245.0,285.75,283.5,264.75,294.25,285.25,190.75,260.5,278.0,279.25,239.75,214.0,237.25
186,238.5,272.25,284.25,282.5,246.25,263.5,239.0,269.25,282.25,317.0,311.5,268.5,247.0,264.0,292.0,304.0,325.75,281.0,308.5,282.5,274.0,309.5,271.5,244.25,316.25,298.0,301.25,221.5,203.25,256.5
187,245.5,228.75,230.5,273.5,272.75,229.5,246.25,275.25,251.75,301.5,302.25,251.25,234.0,241.5,280.25,274.25,346.75,254.0,282.0,243.0,252.25,268.0,313.5,252.25,254.5,268.75,284.75,239.5,214.75,213.5
188,245.0,302.5,200.5,281.0,286.25,296.25,234.75,279.75,257.25,347.75,291.75,271.5,273.25,273.5,337.0,309.25,345.5,288.75,273.0,246.0,256.0,270.75,261.75,212.0,293.0,270.25,269.5,224.5,249.5,236.25
189,235.0,306.5,241.5,262.75,249.75,265.5,240.25,292.75,259.75,304.5,256.25,225.0,230.0,227.75,278.75,272.25,338.25,240.0,281.75,269.75,257.5,275.0,269.25,246.5,259.75,248.0,273.5,237.75,251.0,218.0
190,245.5,229.75,242.0,278.25,278.5,290.25,248.0,273.5,243.0,294.5,239.25,267.25,241.5,288.0,324.5,298.5,319.5,238.5,283.5,257.25,264.75,277.5,232.25,226.5,251.25,255.5,204.0,263.75,209.75,197.5
191,250.75,248.0,245.5,259.0,220.5,253.25,251.25,275.75,256.0,283.5,286.5,241.25,251.25,279.0,314.0,330.25,337.5,241.75,300.5,228.5,256.75,302.5,246.25,220.0,251.75,260.25,226.75,221.5,205.25,234.25
192,251.0,253.75,234.5,262.0,228.5,223.25,248.5,293.0,284.25,287.75,299.75,233.25,258.0,289.5,284.0,302.25,321.0,267.25,325.75,292.5,248.25,278.25,273.5,207.5,287.25,253.25,290.5,240.75,216.75,259.5
193,231.25,283.0,258.0,267.75,268.0,255.0,202.0,273.0,271.5,342.75,271.0,265.75,288.25,275.5,250.75,291.25,312.75,258.25,279.0,228.5,246.5,301.5,303.75,249.0,253.25,267.25,270.25,222.75,246.0,275.25
194,260.5,246.75,244.75,247.75,277.25,247.0,235.5,288.5,267.75,275.5,246.5,291.5,217.5,243.25,251.0,292.75,312.25,282.25,292.0,256.75,271.75,264.0,274.0,210.75,271.5,255.5,277.0,212.0,204.0,267.5
195,236.5,250.75,243.5,282.0,221.5,264.75,251.25,279.25,248.75,297.75,251.5,256.75,225.5,269.5,277.25,309.0,297.0,282.0,294.0,299.0,253.0,278.75,259.75,195.25,276.25,227.25,292.0,259.5,215.5,293.5
196,221.25,272.25,253.0,274.25,231.5,277.75,227.0,242.25,239.5,343.25,305.5,240.25,257.25,259.75,280.0,244.25,314.0,248.0,305.75,243.75,262.5,328.5,308.25,210.0,272.0,268.5,273.75,264.75,170.25,243.25
197,266.0,292.0,226.0,262.75,231.0,248.25,264.5,275.25,289.25,272.75,292.5,253.75,280.75,247.75,264.0,324.75,340.0,277.5,316.0,247.0,265.5,287.0,289.5,218.25,242.75,266.25,275.0,216.0,160.25,224.0
198,214.0,276.25,254.0,241.75,220.0,281.25,259.75,278.75,251.5,332.0,272.0,244.25,239.25,266.25,348.5,247.25,296.75,283.75,309.75,260.5,257.75,296.5,246.75,251.25,290.0,222.75,269.0,230.75,219.0,212.75
199,240.0,268.75,246.0,270.5,276.75,282.25,256.0,294.5,218.75,289.5,237.0,280.25,272.0,267.75,311.5,256.0,302.0,250.25,282.25,238.75,258.75,309.0,303.75,225.75,234.5,261.5,260.25,249.0,179.25,235.5
200,227.0,238.25,209.25,257.0,241.75,255.75,268.75,255.0,247.5,316.5,307.75,229.0,253.5,262.25,262.25,277.25,330.25,248.25,306.25,286.75,251.25,273.0,246.0,199.0,308.0,289.0,287.5,213.25,210.5,232.75
201,226.75,245.5,236.75,222.75,254.5,290.5,275.5,277.5,276.0,317.75,234.0,225.75,251.75,238.5,298.75,308.0,333.25,247.75,315.0,231.25,250.0,297.5,304.75,224.75,257.25,246.5,231.0,228.75,242.75,236.0
202,259.0,233.75,234.0,296.25,263.0,269.0,260.0,287.75,243.75,263.25,289.25,257.0,223.25,242.0,301.0,254.0,333.0,281.0,291.0,265.5,279.75,339.5,261.75,247.5,271.75,258.75,294.25,213.25,187.0,259.0
203,228.5,265.0,215.75,271.5,230.5,244.0,239.0,253.0,263.25,286.5,284.25,255.75,242.25,205.25,251.0,276.25,324.75,243.25,282.75,211.75,255.75,255.25,330.0,216.25,299.75,250.5,305.5,211.25,187.75,243.75
204,246.75,245.25,204.25,252.25,233.75,247.5,277.25,217.25,270.0,291.75,286.0,226.25,250.25,228.25,245.5,307.5,274.0,240.5,274.0,238.0,249.5,232.0,230.5,232.75,298.75,258.5,289.0,246.5,246.0,231.0
205,216.5,270.5,241.25,250.75,314.25,235.25,241.5,246.0,229.5,357.25,294.25,244.5,225.0,240.25,271.5,235.75,313.75,272.75,275.25,213.5,236.5,313.0,289.25,235.5,197.75,261.5,232.5,225.5,274.25,233.5
206,254.0,273.25,253.5,262.0,252.0,271.25,278.75,241.0,265.25,258.75,239.25,272.0,234.5,227.75,238.0,260.75,291.0,234.5,314.25,253.25,235.5,317.0,345.75,229.0,237.0,256.0,262.5,218.0,205.0,264.75
207,237.75,286.0,247.25,285.75,204.25,259.0,231.0,283.25,245.5,286.5,274.25,249.0,261.5,242.0,274.25,298.25,328.0,258.25,287.0,263.0,255.75,280.5,288.0,260.5,257.25,293.75,294.25,233.5,224.5,234.0
208,249.75,262.75,242.0,268.75,267.25,268.75,265.75,252.25,245.5,274.25,274.75,256.75,233.5,270.0,299.0,266.75,295.5,238.5,273.75,243.0,234.75,284.5,353.25,196.75,305.25,294.75,284.75,247.0,152.0,261.5
209,235.25,308.25,215.5,317.75,260.25,234.25,234.75,265.25,263.5,318.75,286.5,232.75,238.25,302.5,280.5,288.75,312.75,246.25,281.75,246.25,279.0,272.5,266.25,237.25,275.0,267.75,258.5,240.0,206.75,217.75
210,241.75,302.5,192.5,275.0,248.75,271.25,261.75,260.25,234.75,275.0,297.25,251.75,275.5,252.5,284.0,293.5,320.0,260.25,316.0,262.25,241.5,270.75,297.75,193.5,251.5,262.5,278.75,204.5,181.0,198.5
211,240.75,284.25,237.0,271.75,235.0,280.25,252.0,289.25,213.25,327.25,304.5,265.25,263.0,293.25,243.0,287.5,335.75,246.0,303.25,252.5,246.0,273.25,268.25,255.0,307.75,263.25,255.5,218.0,225.0,233.5
212,234.5,304.25,244.5,270.75,234.75,238.25,237.0,285.5,201.5,312.25,240.75,222.75,232.5,227.75,286.75,261.5,306.5,259.5,311.75,235.25,253.25,337.75,286.5,221.75,248.0,266.25,292.5,222.5,224.75,218.25
213,258.25,249.5,255.0,305.25,243.5,232.0,232.0,233.75,287.75,330.5,282.25,250.25,228.5,260.25,294.0,304.75,302.0,264.0,310.25,250.0,295.75,307.5,310.0,227.0,277.25,256.0,262.5,227.5,220.0,280.0
214,268.0,263.5,203.25,278.5,227.75,256.75,240.5,297.75,227.0,303.0,285.25,228.5,223.0,254.0,307.75,286.0,319.25,229.25,338.0,260.25,235.75,264.0,313.25,211.25,241.25,287.75,272.0,246.5,210.25,246.5
215,279.0,265.0,244.75,298.75,207.75,255.75,238.0,300.25,305.0,288.0,272.5,267.5,289.75,251.75,307.25,305.75,322.5,267.0,305.75,276.75,287.0,273.25,255.5,201.5,318.75,270.5,268.75,211.0,204.75,223.5
216,242.0,290.5,249.25,260.0,275.75,281.75,241.75,276.5,228.5,282.0,271.25,238.25,250.75,241.0,297.0,262.75,279.0,243.0,320.25,254.75,248.0,291.5,305.5,240.0,307.75,258.0,235.25,229.25,218.25,257.5
217,269.75,317.0,232.0,289.0,224.75,227.5,256.25,275.25,256.75,315.25,250.5,254.5,254.25,264.25,284.0,270.25,307.0,254.75,257.0,227.75,221.25,293.0,287.0,231.25,268.25,259.75,302.5,237.75,187.25,239.25
218,215.25,276.0,246.5,224.75,218.75,237.25,233.0,265.5,224.75,300.75,288.25,248.25,213.25,253.75,318.5,257.75,317.75,290.5,307.25,249.75,271.25,288.75,266.5,256.5,289.75,260.0,228.0,254.75,167.25,247.5
219,237.25,269.5,215.75,265.25,296.25,247.25,253.5,272.75,255.25,276.75,297.75,238.75,239.25,233.25,305.25,287.0,325.25,264.0,286.75,276.5,224.5,288.0,274.75,237.5,244.75,296.25,246.0,249.25,212.0,243.25
220,238.0,304.5,242.25,274.0,269.5,277.0,266.25,258.5,248.25,273.0,280.75,255.75,211.25,264.5,328.75,277.5,359.25,261.0,284.5,287.75,253.0,253.75,274.5,252.25,260.5,252.75,219.75,204.0,199.75,250.5
221,275.25,287.25,222.5,289.0,207.5,263.0,217.0,295.25,255.25,260.25,311.25,234.25,236.5,244.0,267.5,292.0,316.75,290.25,283.0,297.5,238.5,302.25,268.0,254.5,286.25,241.75,274.75,247.5,225.25,295.0
222,226.0,253.75,231.75,292.25,256.25,263.25,256.25,290.5,205.25,300.25,271.75,260.5,228.5,215.0,289.0,287.75,334.25,272.75,278.25,261.5,250.0,273.0,268.5,217.0,300.75,262.5,249.5,235.75,175.75,239.5
223,232.5,260.5,243.0,238.0,239.0,269.0,226.75,279.25,222.75,301.25,305.0,262.5,284.25,228.0,248.0,243.25,338.5,274.25,261.0,251.75,256.25,293.25,210.75,214.75,269.0,236.5,257.5,260.75,184.0,244.5
224,222.0,259.0,261.0,224.5,219.25,260.75,234.5,298.25,220.25,275.5,302.0,244.25,266.75,213.0,276.25,296.5,330.25,256.0,283.5,263.5,288.75,289.5,234.75,223.75,220.75,245.5,232.0,221.75,217.75,271.0
225,268.75,244.0,210.0,261.25,224.75,207.5,274.0,263.25,254.75,297.0,306.75,253.0,233.25,202.5,294.5,330.0,330.75,267.25,311.0,248.25,249.0,326.5,220.75,268.25,294.0,263.5,274.75,225.5,203.75,254.5
226,255.75,245.5,222.25,294.75,220.25,234.5,240.0,259.0,254.5,318.75,248.0,252.25,253.0,236.25,279.0,303.25,296.0,236.75,307.75,257.5,268.0,289.25,338.25,235.5,249.75,276.5,279.5,218.25,179.0,239.5
227,285.0,263.5,230.25,267.0,258.25,273.75,251.5,296.75,270.25,261.5,270.75,264.5,236.25,255.25,275.5,292.5,304.5,259.5,301.25,266.25,293.25,327.5,302.25,206.75,294.75,260.75,227.25,211.5,186.25,198.0
228,280.75,288.0,241.25,278.5,223.75,313.25,214.0,299.0,230.0,306.25,309.75,227.75,217.25,251.75,313.5,290.75,297.0,264.0,273.75,237.25,246.25,295.75,246.25,216.5,290.25,292.5,246.25,237.25,239.25,225.5
229,245.0,285.25,222.75,266.0,229.0,260.5,247.25,289.0,275.5,284.5,269.0,257.0,276.5,278.0,272.5,281.5,343.25,262.75,275.25,231.5,257.0,254.75,264.5,198.5,267.0,254.25,238.25,211.5,221.0,247.5
230,245.75,230.75,236.75,294.25,294.0,240.5,223.0,273.25,257.0,311.5,249.25,271.25,275.75,265.5,263.25,290.5,315.75,292.25,278.75,251.25,263.25,290.5,232.75,225.5,254.5,235.5,303.25,216.75,158.75,223.0
231,208.5,270.5,245.5,288.25,207.0,261.75,234.0,281.0,256.75,266.75,323.75,253.0,246.5,254.75,293.5,335.25,302.75,232.75,294.75,260.75,244.5,316.75,278.0,182.0,278.5,271.75,252.5,247.0,228.5,217.75
232,212.75,302.5,249.25,264.75,262.5,250.0,258.0,280.75,247.25,328.0,268.5,282.25,252.25,252.75,315.75,253.75,308.75,256.25,306.25,247.5,266.25,215.75,293.75,203.75,245.75,259.25,246.25,220.75,178.75,251.25
233,286.5,242.0,255.75,263.75,285.0,244.75,261.0,258.25,257.5,308.0,280.25,249.5,235.25,269.25,308.0,255.0,324.25,262.75,302.5,237.0,253.75,286.75,295.0,240.25,245.75,289.25,267.5,234.25,210.0,242.5
234,250.5,277.0,215.75,281.75,258.75,263.5,234.25,262.75,214.5,336.75,312.75,235.25,304.5,258.75,283.25,313.0,343.25,241.25,312.0,269.25,241.5,283.25,315.5,236.25,277.0,246.25,256.25,248.25,174.5,226.0
235,240.0,232.25,231.75,242.75,228.25,229.25,235.25,246.0,238.5,297.25,274.5,231.5,253.25,270.25,291.75,241.25,331.75,259.75,272.25,276.25,267.75,324.5,286.75,226.0,259.25,251.25,317.5,193.0,208.0,241.75
236,258.25,250.5,229.25,277.75,245.5,253.0,237.0,286.25,262.5,306.75,248.0,245.0,277.75,226.5,282.5,268.75,305.5,262.0,261.75,276.5,274.75,279.75,281.5,221.0,291.0,243.75,291.0,255.75,168.5,247.0
237,276.0,253.75,261.75,248.75,234.25,274.75,277.5,287.75,261.75,336.0,249.25,260.25,246.25,286.5,252.75,281.0,327.75,289.0,311.75,232.0,271.75,272.5,270.0,217.25,237.75,274.0,259.5,225.75,194.75,231.25
238,228.25,301.75,222.25,252.25,243.0,258.0,250.5,297.75,255.75,307.25,255.0,235.75,226.25,249.25,271.75,299.5,286.5,274.25,344.75,246.25,264.75,278.25,223.5,220.5,249.5,290.0,279.75,250.25,187.75,233.5
239,258.75,257.75,230.5,229.5,294.25,293.0,268.5,242.0,284.5,310.5,265.25,253.75,227.5,242.5,297.75,277.0,337.5,261.75,293.0,257.75,257.0,234.75,270.75,213.75,242.75,232.75,216.75,264.0,155.25,277.5
240,251.0,277.25,253.25,273.75,236.5,303.25,268.25,272.75,223.25,258.75,292.5,250.75,238.0,241.5,264.0,242.25,319.75,268.75,288.25,236.5,253.0,304.0,256.75,257.25,249.0,282.0,261.0,236.5,208.0,207.5
241,268.0,271.5,217.75,279.75,220.5,299.75,227.25,285.25,211.5,304.0,281.5,259.75,204.5,216.0,314.5,293.5,355.0,271.5,291.0,284.5,256.25,246.0,261.5,245.0,270.25,283.0,288.25,219.0,241.5,264.5
242,264.75,250.5,224.75,227.5,267.25,258.5,236.0,276.0,272.25,273.25,244.75,234.0,265.25,261.5,297.0,279.5,292.25,247.0,268.25,238.75,262.5,287.5,288.25,194.75,238.5,263.25,271.75,207.5,212.25,231.0
243,217.25,285.5,266.0,241.25,225.75,248.5,241.75,268.5,262.0,272.5,253.25,258.0,231.0,263.5,335.25,276.75,343.5,281.25,314.25,218.5,247.5,277.5,232.75,233.75,222.0,245.0,298.25,239.75,180.25,275.75
244,237.25,281.5,243.0,283.75,235.25,264.5,227.5,233.25,246.75,244.0,264.0,224.0,214.5,256.5,287.75,300.0,317.25,256.0,332.0,257.75,263.25,290.0,239.25,237.0,256.75,256.25,271.75,213.5,182.75,250.5
245,237.5,267.5,242.75,261.25,234.75,262.75,245.25,234.5,261.5,291.5,238.75,240.25,296.0,257.5,284.25,290.75,298.25,266.25,285.75,282.75,267.25,312.75,252.75,232.5,300.5,238.5,241.25,243.25,179.75,212.75
246,247.75,259.0,235.25,277.75,230.5,258.25,239.0,258.0,243.0,326.25,254.5,242.5,271.0,255.0,279.25,285.5,348.75,218.0,294.25,221.75,255.0,268.25,312.75,219.75,257.25,251.5,279.0,223.75,189.75,237.75
247,245.0,266.25,225.25,254.25,288.0,263.0,242.5,272.25,276.5,259.0,245.75,221.75,243.5,240.75,294.25,308.5,316.75,236.0,282.0,236.25,251.0,279.75,260.25,215.75,239.25,261.0,294.0,241.0,150.0,250.5
248,217.0,258.0,272.0,257.5,241.5,284.5,233.5,287.25,234.75,308.75,244.0,277.5,256.5,279.0,293.5,290.75,311.0,272.25,301.0,236.25,262.5,299.25,253.0,202.75,308.25,262.25,273.25,187.75,199.25,255.5
249,258.0,250.75,236.25,236.5,262.5,284.0,218.25,269.0,256.5,266.75,278.75,267.25,266.0,263.5,268.25,244.25,321.0,299.25,300.25,241.75,302.25,294.0,304.25,207.0,253.75,306.5,258.25,235.25,171.75,225.5
250,246.75,301.5,232.0,267.25,285.5,289.0,261.5,309.75,280.5,301.75,286.25,277.75,251.0,244.75,306.75,210.5,314.25,251.25,297.75,245.5,260.75,288.0,216.25,211.75,263.75,239.0,214.75,217.25,241.25,229.0
251,283.0,233.5,246.5,272.0,255.5,242.25,225.0,248.5,249.0,289.25,303.0,241.25,268.5,261.0,312.0,280.75,313.75,232.75,306.0,256.75,236.5,291.5,317.75,242.5,314.5,305.0,253.25,227.25,208.5,241.25
252,238.75,240.75,216.25,289.0,235.75,278.5,250.5,268.5,239.5,316.75,304.75,254.5,247.5,257.0,292.5,316.5,352.75,223.75,326.0,259.25,250.5,264.75,267.75,192.75,295.0,241.0,277.0,255.25,176.75,253.0
253,270.0,318.25,243.0,262.5,293.75,266.25,260.0,231.5,276.5,271.25,294.75,272.75,222.75,268.0,291.75,270.0,328.5,243.0,306.25,288.25,265.25,302.25,303.0,237.75,294.75,222.75,295.5,204.0,162.5,241.0
254,237.75,293.75,241.0,264.0,243.75,264.25,238.75,284.75,249.5,300.25,290.25,279.5,244.25,215.25,291.0,303.25,348.25,259.75,287.0,257.0,265.25,261.5,278.25,261.25,277.25,250.25,269.75,232.5,222.0,258.5
255,242.0,257.0,261.25,279.75,238.5,252.0,248.25,299.0,270.24,269.5,300.25,261.25,259.75,239.5,294.5,268.25,352.0,225.0,305.75,217.75,286.25,308.25,294.0,242.25,264.75,277.25,226.25,215.25,177.5,274.25
256,268.25,281.0,223.5,275.5,282.5,232.75,285.5,252.0,263.25,274.75,313.5,237.0,250.75,287.0,293.5,292.5,322.75,251.25,342.5,247.0,248.75,320.75,262.5,238.0,251.0,291.75,285.75,242.25,233.0,225.75
257,265.25,275.25,255.5,293.75,251.5,245.75,251.25,254.0,251.5,276.5,267.0,241.75,269.0,227.75,294.0,300.75,355.5,227.75,277.25,226.75,224.5,288.25,312.75,201.5,304.25,293.75,281.0,216.5,172.0,216.25
258,218.25,248.75,216.0,290.75,259.0,234.5,227.25,278.0,271.0,309.5,296.25,233.75,248.0,250.75,311.75,283.0,325.25,238.0,279.25,276.0,242.5,334.0,294.75,247.25,322.5,289.5,260.75,226.75,192.25,231.5
259,275.5,284.0,257.75,258.0,262.0,258.75,241.75,282.0,227.5,251.5,252.0,245.5,296.5,215.25,277.0,346.0,331.5,236.25,309.0,258.25,241.75,288.5,295.75,233.5,286.5,249.25,252.5,251.75,206.75,260.75
260,251.0,257.25,252.75,227.75,213.75,234.0,255.25,257.0,231.5,327.5,288.75,241.25,230.25,253.5,249.25,311.5,283.5,282.0,275.5,255.25,269.0,330.75,254.0,230.0,268.25,254.75,241.0,215.0,188.5,252.0
261,268.75,267.75,214.25,236.0,262.25,284.25,239.75,280.5,236.25,332.75,294.5,253.25,277.5,230.75,260.75,283.5,327.75,268.75,302.75,246.0,256.5,238.0,246.75,209.5,274.75,263.5,285.0,222.75,177.75,182.0
262,232.5,263.25,241.75,244.0,230.75,282.5,238.25,267.0,274.5,303.75,256.0,244.25,222.5,233.75,270.75,304.5,290.5,257.25,313.5,250.5,268.75,296.75,294.0,241.0,282.0,279.25,311.75,217.0,147.75,280.0
263,302.75,272.75,259.75,277.5,247.0,241.0,251.5,267.25,284.25,292.75,270.0,259.75,197.75,241.5,305.25,293.5,339.5,281.25,274.0,222.5,253.0,281.5,238.5,244.0,303.75,244.5,245.75,202.5,203.5,255.5
264,256.75,284.75,236.5,265.25,273.5,270.25,235.75,296.75,261.75,289.0,272.5,247.0,235.25,289.5,255.75,275.25,307.5,278.75,312.0,256.0,268.25,317.25,258.75,254.75,301.75,295.0,250.5,260.5,231.5,253.5
265,250.5,271.25,243.75,253.5,226.5,285.75,245.75,260.5,247.25,298.75,262.75,267.75,242.75,258.75,267.75,323.25,342.0,242.0,271.5,256.75,234.25,297.75,289.75,238.25,251.0,246.5,261.0,222.5,175.25,245.25
266,279.75,285.0,246.25,288.0,243.25,267.5,235.0,257.75,266.25,270.25,252.75,260.75,252.25,260.75,265.75,300.25,313.75,239.0,304.25,287.5,282.75,241.75,220.25,233.5,281.75,259.5,249.25,207.75,210.5,212.25
267,254.75,261.0,217.75,283.25,277.25,248.5,234.0,269.75,249.0,267.5,252.25,273.75,247.75,221.5,283.25,286.25,329.25,240.0,304.0,254.75,257.5,326.75,239.5,218.25,250.75,249.5,279.5,242.25,183.75,258.0
268,267.25,265.5,256.75,280.25,269.75,292.5,277.25,290.75,236.0,295.5,272.5,243.5,257.5,253.0,333.75,271.75,313.25,251.25,297.0,210.25,245.75,278.25,275.5,234.25,272.75,271.0,291.5,222.5,248.25,270.75
269,266.75,218.75,238.25,247.5,265.25,240.25,232.75,244.5,282.0,317.25,285.75,228.75,269.75,265.0,269.0,301.25,337.5,271.0,296.0,256.25,248.75,274.5,290.0,241.25,297.75,249.75,286.75,223.25,228.75,258.5
270,284.5,288.0,271.25,266.5,250.75,251.0,268.5,271.5,253.5,279.5,242.75,241.0,263.75,273.0,271.0,256.0,304.25,277.25,272.25,257.0,242.25,254.5,287.75,202.5,262.5,257.75,277.25,182.0,213.5,219.75
271,257.5,264.75,245.25,266.75,254.5,275.0,247.0,249.0,248.25,248.5,251.5,245.75,292.5,226.0,270.0,280.5,323.25,288.75,299.5,244.5,259.25,304.0,334.0,217.5,250.5,268.25,309.0,224.5,186.5,241.0
272,228.0,302.75,258.25,279.75,252.0,267.0,241.0,232.5,253.75,362.5,266.0,242.75,261.75,262.5,309.75,309.5,295.25,237.75,290.5,275.25,258.75,332.5,266.75,232.0,255.25,267.75,305.5,229.5,193.25,228.5
273,233.0,268.75,240.0,267.0,225.5,259.25,236.25,273.25,287.75,312.5,276.5,243.75,261.25,295.0,278.0,305.25,297.0,265.0,258.0,258.25,254.25,274.0,245.0,208.5,244.5,271.5,255.75,266.75,185.0,215.5
274,276.75,297.25,237.0,275.25,241.75,269.0,269.5,266.0,291.5,356.5,278.5,260.25,274.0,260.75,345.75,272.0,346.0,241.25,291.0,230.5,257.5,249.5,308.25,243.25,263.0,245.25,208.5,222.25,234.0,243.75
275,272.25,286.0,271.25,278.25,267.25,288.75,242.0,244.0,203.5,277.25,280.25,245.0,234.75,279.5,281.75,241.25,314.25,248.5,314.25,247.5,245.5,298.0,265.75,225.75,291.0,277.25,284.0,224.5,223.75,251.75
276,260.0,282.25,235.75,287.0,238.75,265.5,235.5,285.75,258.25,243.5,266.5,229.0,225.25,252.25,298.75,311.75,320.5,248.5,312.0,254.5,237.25,305.5,300.25,235.5,249.25,251.25,242.0,268.75,227.5,235.75
277,266.5,265.25,249.75,277.5,252.75,258.25,239.0,309.25,219.25,311.25,283.25,221.75,206.75,239.25,281.75,254.5,305.5,254.25,280.75,257.0,266.75,285.75,309.75,219.75,246.5,257.5,255.75,222.0,192.25,254.5
278,256.5,251.25,239.5,262.5,243.75,242.5,224.5,277.25,238.25,270.5,288.25,257.0,258.0,271.5,305.5,281.0,290.0,238.0,332.0,249.75,243.25,250.0,288.25,192.75,271.25,249.75,266.75,226.5,192.75,253.0
279,216.5,232.25,237.0,269.25,227.75,230.75,249.25,289.5,325.5,295.5,291.25,232.5,281.0,252.75,298.75,253.5,280.0,266.25,278.25,294.0,254.25,257.25,298.0,181.0,290.25,246.0,257.75,249.75,223.75,230.0
280,247.75,290.0,203.5,292.25,231.0,231.75,293.75,283.5,290.0,261.5,257.0,238.0,253.75,202.75,293.0,277.75,338.25,277.75,299.25,266.25,267.25,302.75,331.5,206.75,272.5,254.25,228.75,212.0,156.75,278.5
281,211.75,311.25,270.75,260.0,239.0,249.5,228.75,315.75,255.0,289.0,249.5,270.25,282.25,261.75,292.0,310.0,342.5,254.25,313.25,241.0,246.0,337.5,256.25,200.75,300.0,283.25,274.25,230.5,218.75,254.25
282,292.75,273.75,259.75,267.75,215.0,243.25,241.25,287.25,223.25,281.5,266.75,266.5,263.5,252.0,272.75,287.0,322.0,293.5,272.75,239.5,272.0,290.75,353.25,216.5,272.25,254.0,289.0,219.0,242.5,246.75
283,247.75,209.0,234.25,291.75,222.75,235.0,225.0,286.75,282.5,286.25,304.75,248.75,233.5,274.0,339.25,290.0,316.0,266.75,305.5,284.0,254.75,221.25,298.25,213.0,299.75,235.5,242.75,217.0,229.0,262.5
284,236.0,262.25,236.0,276.0,232.0,256.5,237.0,250.25,238.75,250.75,262.25,244.25,227.25,255.75,295.75,316.75,319.25,225.75,284.0,229.75,254.0,322.5,215.5,239.25,269.0,256.25,247.5,214.0,207.0,228.0
285,262.0,257.75,264.5,255.0,243.75,230.5,267.0,281.25,276.24,261.5,305.0,252.0,256.0,232.5,284.75,260.75,347.5,263.0,295.5,274.5,275.75,237.25,349.75,191.75,319.5,278.0,258.0,275.0,229.5,227.0
286,243.25,266.25,242.75,246.25,254.25,263.5,265.5,295.75,249.5,339.75,263.0,272.25,260.25,269.25,286.25,258.5,318.25,271.0,310.0,260.25,282.25,292.5,281.0,268.5,263.25,260.5,246.25,242.5,187.0,254.5
287,217.5,276.25,199.75,295.75,262.0,274.0,255.75,287.75,262.75,260.0,288.25,262.5,262.25,236.75,287.25,264.75,357.75,277.25,313.25,211.75,264.5,301.25,229.0,246.25,267.25,304.0,247.5,235.75,196.5,238.75
288,276.75,291.0,211.0,230.0,231.25,242.5,253.25,242.25,250.5,236.25,295.5,270.5,235.0,254.75,314.75,249.75,327.25,292.75,297.5,256.25,282.75,256.25,278.5,247.25,290.75,267.25,288.5,217.25,176.75,245.25
289,247.25,279.0,235.75,267.75,287.25,253.5,258.5,236.5,272.0,313.5,294.25,255.25,248.0,252.25,291.75,296.25,333.75,239.0,288.0,226.0,258.75,309.75,277.75,209.5,254.0,266.0,290.5,234.0,183.5,233.0
290,247.25,272.75,242.75,291.25,282.75,269.25,263.0,261.5,258.25,304.25,273.25,239.5,226.0,239.75,279.5,241.0,354.25,277.25,272.75,253.75,291.75,323.25,234.5,227.25,257.75,248.0,232.0,223.0,193.25,209.0
291,267.5,280.25,239.75,276.5,258.0,275.5,241.5,261.5,239.0,306.75,314.5,213.0,204.5,249.0,354.75,270.25,305.25,239.5,289.5,260.5,251.0,297.75,269.25,223.5,253.25,238.5,277.25,216.0,213.75,231.0
292,210.5,259.75,254.25,258.75,256.75,266.75,260.0,259.0,254.25,325.75,260.0,234.0,274.25,258.25,314.0,316.75,347.75,251.75,267.25,229.25,249.5,312.0,318.5,217.75,252.0,252.0,300.5,233.75,181.25,246.25
293,222.25,231.25,252.75,257.25,236.25,271.0,283.25,283.5,266.5,297.0,285.0,274.25,205.0,219.5,255.0,319.5,298.25,281.5,296.75,248.75,240.25,277.75,248.0,252.25,282.0,258.25,245.5,223.0,219.5,218.25
294,238.25,268.5,206.0,267.0,229.0,249.0,238.5,278.25,261.75,326.0,238.75,264.25,276.5,230.0,313.25,263.25,291.0,239.5,302.75,240.25,306.5,282.75,245.0,229.0,258.0,259.75,283.75,216.25,237.5,239.25
295,232.75,258.5,217.25,243.0,235.5,264.25,216.75,304.25,300.0,304.25,286.75,263.5,238.0,242.5,300.0,268.25,328.0,296.0,304.0,250.0,257.0,312.0,258.5,202.0,243.0,282.5,255.75,218.75,182.5,283.0
296,238.0,297.25,202.75,219.75,266.25,252.0,230.75,285.25,229.75,271.25,292.5,238.25,259.0,252.0,249.5,261.0,330.5,254.25,286.25,231.0,238.5,272.0,324.0,213.5,282.25,249.5,252.75,227.0,161.5,248.5
297,243.0,276.75,257.75,250.75,241.0,248.25,223.0,263.5,252.25,321.5,273.0,238.25,250.0,241.0,282.25,226.5,335.5,245.25,342.5,268.75,293.0,287.75,253.5,225.5,228.0,254.5,274.0,230.5,259.25,238.25
298,236.0,265.5,223.5,281.25,239.5,280.5,214.25,257.0,221.5,307.25,264.75,234.5,217.0,257.25,268.5,298.0,306.5,243.5,306.75,251.0,269.0,289.75,266.25,225.0,309.0,231.75,281.75,221.5,202.75,227.5
299,252.25,244.75,240.0,265.5,216.5,226.0,262.75,268.5,317.25,344.25,271.25,221.25,246.75,248.5,249.25,281.25,310.75,221.0,275.5,234.5,259.0,288.25,285.0,210.75,227.75,244.75,209.75,241.25,211.25,253.0
